[{"model": "foodcartapp.coordinate", "pk": 1, "fields": {"address": "Москва, ул. Новый Арбат, 15", "lon": 37.59242, "lat": 55.752141}}, {"model": "foodcartapp.coordinate", "pk": 2, "fields": {"address": "Москва, Цветной бульвар, 11с2", "lon": 37.620429, "lat": 55.770076}}, {"model": "foodcartapp.coordinate", "pk": 3, "fields": {"address": "Москва, пл. Киевского Вокзала, 2", "lon": 37.566072, "lat": 55.744637}}, {"model": "foodcartapp.coordinate", "pk": 4, "fields": {"address": "северный пр. д8 к1", "lon": 30.33113, "lat": 60.031288}}, {"model": "foodcartapp.coordinate", "pk": 5, "fields": {"address": "Санкт перетербург невкий пр. д12", "lon": 30.315778, "lat": 59.936864}}, {"model": "foodcartapp.coordinate", "pk": 6, "fields": {"address": "Санкт Петербург ул кораблестроителей 42 к1", "lon": 30.226917, "lat": 59.957769}}, {"model": "foodcartapp.coordinate", "pk": 7, "fields": {"address": "Диван", "lon": 54.584538, "lat": 26.580064}}, {"model": "foodcartapp.coordinate", "pk": 8, "fields": {"address": "выывывывыв", "lon": null, "lat": null}}, {"model": "foodcartapp.restaurant", "pk": 1, "fields": {"name": "Star Burger Арбат", "address": "Москва, ул. Новый Арбат, 15", "coordinate": 1, "contact_phone": "+7 (967) 157-44-13"}}, {"model": "foodcartapp.restaurant", "pk": 2, "fields": {"name": "Star Burger Цветной", "address": "Москва, Цветной бульвар, 11с2", "coordinate": 2, "contact_phone": "+7 (929) 949-55-36"}}, {"model": "foodcartapp.restaurant", "pk": 3, "fields": {"name": "Star Burger Европейский", "address": "Москва, пл. Киевского Вокзала, 2", "coordinate": 3, "contact_phone": "+7 (929) 680-47-58"}}, {"model": "foodcartapp.productcategory", "pk": 1, "fields": {"name": "Бургер"}}, {"model": "foodcartapp.product", "pk": 1, "fields": {"name": "Стейкхаус", "category": 1, "price": "269.00", "image": "steak_caF6gng.jpg", "special_status": false, "description": "Стейкхаус – это сочетание нашей фирменной, приготовленной на огне 100% говядины с ломтиками бекона и соусом «Барбекю», майонезом, листьями свежего салата, помидором и хрустящим луком на воздушной булочке, посыпанной кукурузной крошкой."}}, {"model": "foodcartapp.product", "pk": 2, "fields": {"name": "Лонг Чизбургер", "category": 1, "price": "219.00", "image": "long_chiz.jpg", "special_status": false, "description": "Лонг Чизбургер – эталон в коллекции чизбургеров! Два приготовленных на огне бифштекса с двумя ломтиками слегка расплавленного сыра, хрустящими огурчиками, рубленым луком, горчицей и кетчупом на длинной подрумяненной булочке с кунжутом."}}, {"model": "foodcartapp.product", "pk": 3, "fields": {"name": "Тройной Воппер", "category": 1, "price": "369.00", "image": "triple_vopper.jpg", "special_status": false, "description": "ВОППЕР® — это вкуснейшая приготовленная на огне 100% говядина с сочными помидорами, свежим нарезанным листовым салатом, густым майонезом, хрустящими маринованными огурчиками и свежим луком на нежной булочке с кунжутом."}}, {"model": "foodcartapp.restaurantmenuitem", "pk": 1, "fields": {"restaurant": 1, "product": 1, "availability": true}}, {"model": "foodcartapp.restaurantmenuitem", "pk": 2, "fields": {"restaurant": 2, "product": 2, "availability": true}}, {"model": "foodcartapp.restaurantmenuitem", "pk": 3, "fields": {"restaurant": 3, "product": 3, "availability": true}}, {"model": "foodcartapp.foodorder", "pk": 11, "fields": {"firstname": "Вова", "lastname": "Вовин", "phonenumber": "+79658765456", "address": "северный пр. д8 к1", "order_status": "NEW", "comments": "хочу бургеров", "creation_date": "2022-03-26T10:24:58Z", "call_time": null, "delivery_time": null, "payment_method": "", "assigned_restaurant": null}}, {"model": "foodcartapp.foodorder", "pk": 12, "fields": {"firstname": "Федя-кот", "lastname": "Михалыч", "phonenumber": "+79457074765", "address": "Диван", "order_status": "NEW", "comments": "", "creation_date": "2022-03-26T10:24:58Z", "call_time": null, "delivery_time": null, "payment_method": "", "assigned_restaurant": null}}, {"model": "foodcartapp.foodorder", "pk": 13, "fields": {"firstname": "Вывыввывы", "lastname": "Вывывывывывович", "phonenumber": "+79634856762", "address": "выывывывыв", "order_status": "NEW", "comments": "Попробуй найди меня!", "creation_date": "2022-03-26T10:24:58Z", "call_time": null, "delivery_time": null, "payment_method": "CASH", "assigned_restaurant": null}}, {"model": "foodcartapp.foodorder", "pk": 28, "fields": {"firstname": "тундра", "lastname": "ляляля", "phonenumber": "+79014558921", "address": "Санкт перетербург невкий пр. д12", "order_status": "NEW", "comments": "", "creation_date": "2022-03-26T10:24:58Z", "call_time": null, "delivery_time": null, "payment_method": "", "assigned_restaurant": null}}, {"model": "foodcartapp.foodorder", "pk": 40, "fields": {"firstname": "Василий", "lastname": "Васильевич", "phonenumber": "+79123456789", "address": "Санкт Петербург ул кораблестроителей 42 к1", "order_status": "NEW", "comments": "Несите быстрее!", "creation_date": "2022-03-26T10:24:58Z", "call_time": null, "delivery_time": null, "payment_method": "CARD", "assigned_restaurant": null}}, {"model": "foodcartapp.foodorder", "pk": 41, "fields": {"firstname": "Вовайй", "lastname": "Вовинйй", "phonenumber": "+79627057896", "address": "северный пр. д8 к1", "order_status": "NEW", "comments": "", "creation_date": "2022-05-05T08:44:06Z", "call_time": null, "delivery_time": null, "payment_method": "", "assigned_restaurant": 1}}, {"model": "foodcartapp.foodorderproduct", "pk": 4, "fields": {"order": 11, "product": 1, "quantity": 2, "price": "50.00"}}, {"model": "foodcartapp.foodorderproduct", "pk": 5, "fields": {"order": 11, "product": 2, "quantity": 1, "price": "50.00"}}, {"model": "foodcartapp.foodorderproduct", "pk": 6, "fields": {"order": 11, "product": 3, "quantity": 1, "price": "50.00"}}, {"model": "foodcartapp.foodorderproduct", "pk": 7, "fields": {"order": 12, "product": 1, "quantity": 2, "price": "50.00"}}, {"model": "foodcartapp.foodorderproduct", "pk": 8, "fields": {"order": 12, "product": 2, "quantity": 1, "price": "50.00"}}, {"model": "foodcartapp.foodorderproduct", "pk": 9, "fields": {"order": 12, "product": 3, "quantity": 1, "price": "50.00"}}, {"model": "foodcartapp.foodorderproduct", "pk": 10, "fields": {"order": 13, "product": 1, "quantity": 1, "price": "50.00"}}, {"model": "foodcartapp.foodorderproduct", "pk": 11, "fields": {"order": 13, "product": 2, "quantity": 1, "price": "50.00"}}, {"model": "foodcartapp.foodorderproduct", "pk": 12, "fields": {"order": 13, "product": 3, "quantity": 1, "price": "50.00"}}, {"model": "foodcartapp.foodorderproduct", "pk": 18, "fields": {"order": 28, "product": 1, "quantity": 1, "price": "50.00"}}, {"model": "foodcartapp.foodorderproduct", "pk": 35, "fields": {"order": 40, "product": 1, "quantity": 1, "price": "50.00"}}, {"model": "foodcartapp.foodorderproduct", "pk": 36, "fields": {"order": 40, "product": 2, "quantity": 2, "price": "50.00"}}, {"model": "foodcartapp.foodorderproduct", "pk": 37, "fields": {"order": 40, "product": 3, "quantity": 2, "price": "50.00"}}, {"model": "foodcartapp.foodorderproduct", "pk": 38, "fields": {"order": 41, "product": 2, "quantity": 1, "price": "219.00"}}, {"model": "foodcartapp.foodorderproduct", "pk": 39, "fields": {"order": 41, "product": 1, "quantity": 1, "price": "220.00"}}, {"model": "foodcartapp.foodorderproduct", "pk": 40, "fields": {"order": 41, "product": 3, "quantity": 1, "price": "230.00"}}, {"model": "admin.logentry", "pk": 1, "fields": {"action_time": "2022-02-15T14:02:03.277Z", "user": 1, "content_type": 4, "object_id": "1", "object_repr": "Бургеры", "action_flag": 1, "change_message": "[{\"added\": {}}]"}}, {"model": "admin.logentry", "pk": 2, "fields": {"action_time": "2022-02-15T14:03:12.051Z", "user": 1, "content_type": 4, "object_id": "1", "object_repr": "Бургер", "action_flag": 2, "change_message": "[{\"changed\": {\"fields\": [\"\\u041d\\u0430\\u0437\\u0432\\u0430\\u043d\\u0438\\u0435\"]}}]"}}, {"model": "admin.logentry", "pk": 3, "fields": {"action_time": "2022-02-15T14:06:18.622Z", "user": 1, "content_type": 2, "object_id": "1", "object_repr": "Star Burger Арбат", "action_flag": 1, "change_message": "[{\"added\": {}}]"}}, {"model": "admin.logentry", "pk": 4, "fields": {"action_time": "2022-02-15T14:07:04.720Z", "user": 1, "content_type": 2, "object_id": "2", "object_repr": "Star Burger Цветной", "action_flag": 1, "change_message": "[{\"added\": {}}]"}}, {"model": "admin.logentry", "pk": 5, "fields": {"action_time": "2022-02-15T14:08:20.193Z", "user": 1, "content_type": 2, "object_id": "3", "object_repr": "Star Burger Европейский", "action_flag": 1, "change_message": "[{\"added\": {}}]"}}, {"model": "admin.logentry", "pk": 6, "fields": {"action_time": "2022-02-15T14:42:56.371Z", "user": 1, "content_type": 1, "object_id": "1", "object_repr": "Стейкхаус", "action_flag": 1, "change_message": "[{\"added\": {}}]"}}, {"model": "admin.logentry", "pk": 7, "fields": {"action_time": "2022-02-15T14:44:07.399Z", "user": 1, "content_type": 1, "object_id": "1", "object_repr": "Стейкхаус", "action_flag": 2, "change_message": "[{\"added\": {\"name\": \"\\u043f\\u0443\\u043d\\u043a\\u0442 \\u043c\\u0435\\u043d\\u044e \\u0440\\u0435\\u0441\\u0442\\u043e\\u0440\\u0430\\u043d\\u0430\", \"object\": \"Star Burger \\u0410\\u0440\\u0431\\u0430\\u0442 - \\u0421\\u0442\\u0435\\u0439\\u043a\\u0445\\u0430\\u0443\\u0441\"}}]"}}, {"model": "admin.logentry", "pk": 8, "fields": {"action_time": "2022-02-15T14:49:12.245Z", "user": 1, "content_type": 1, "object_id": "2", "object_repr": "Лонг Чизбургер", "action_flag": 1, "change_message": "[{\"added\": {}}, {\"added\": {\"name\": \"\\u043f\\u0443\\u043d\\u043a\\u0442 \\u043c\\u0435\\u043d\\u044e \\u0440\\u0435\\u0441\\u0442\\u043e\\u0440\\u0430\\u043d\\u0430\", \"object\": \"Star Burger \\u0426\\u0432\\u0435\\u0442\\u043d\\u043e\\u0439 - \\u041b\\u043e\\u043d\\u0433 \\u0427\\u0438\\u0437\\u0431\\u0443\\u0440\\u0433\\u0435\\u0440\"}}]"}}, {"model": "admin.logentry", "pk": 9, "fields": {"action_time": "2022-02-15T14:50:33.831Z", "user": 1, "content_type": 1, "object_id": "3", "object_repr": "Тройной Воппер", "action_flag": 1, "change_message": "[{\"added\": {}}, {\"added\": {\"name\": \"\\u043f\\u0443\\u043d\\u043a\\u0442 \\u043c\\u0435\\u043d\\u044e \\u0440\\u0435\\u0441\\u0442\\u043e\\u0440\\u0430\\u043d\\u0430\", \"object\": \"Star Burger \\u0415\\u0432\\u0440\\u043e\\u043f\\u0435\\u0439\\u0441\\u043a\\u0438\\u0439 - \\u0422\\u0440\\u043e\\u0439\\u043d\\u043e\\u0439 \\u0412\\u043e\\u043f\\u043f\\u0435\\u0440\"}}]"}}, {"model": "admin.logentry", "pk": 10, "fields": {"action_time": "2022-02-16T13:54:47.808Z", "user": 1, "content_type": 11, "object_id": "1", "object_repr": "вова вовин - не дом", "action_flag": 3, "change_message": ""}}, {"model": "admin.logentry", "pk": 11, "fields": {"action_time": "2022-02-16T14:04:31.634Z", "user": 1, "content_type": 11, "object_id": "2", "object_repr": "вова вовин - не дом", "action_flag": 3, "change_message": ""}}, {"model": "admin.logentry", "pk": 12, "fields": {"action_time": "2022-02-16T14:08:34.668Z", "user": 1, "content_type": 11, "object_id": "5", "object_repr": "вова вовин - не дом", "action_flag": 3, "change_message": ""}}, {"model": "admin.logentry", "pk": 13, "fields": {"action_time": "2022-02-16T14:08:34.769Z", "user": 1, "content_type": 11, "object_id": "4", "object_repr": "вова вовин - не дом", "action_flag": 3, "change_message": ""}}, {"model": "admin.logentry", "pk": 14, "fields": {"action_time": "2022-02-16T14:08:34.866Z", "user": 1, "content_type": 11, "object_id": "3", "object_repr": "вова вовин - не дом", "action_flag": 3, "change_message": ""}}, {"model": "admin.logentry", "pk": 15, "fields": {"action_time": "2022-02-16T14:13:00.487Z", "user": 1, "content_type": 11, "object_id": "6", "object_repr": "вова вовин - не дом", "action_flag": 3, "change_message": ""}}, {"model": "admin.logentry", "pk": 16, "fields": {"action_time": "2022-02-16T14:14:47.851Z", "user": 1, "content_type": 11, "object_id": "7", "object_repr": "вова вовин - не дом", "action_flag": 3, "change_message": ""}}, {"model": "admin.logentry", "pk": 17, "fields": {"action_time": "2022-02-16T14:16:23.198Z", "user": 1, "content_type": 11, "object_id": "8", "object_repr": "вова вовин - не дом", "action_flag": 3, "change_message": ""}}, {"model": "admin.logentry", "pk": 18, "fields": {"action_time": "2022-02-16T14:25:32.427Z", "user": 1, "content_type": 11, "object_id": "9", "object_repr": "вова вовин - не дом", "action_flag": 3, "change_message": ""}}, {"model": "admin.logentry", "pk": 19, "fields": {"action_time": "2022-02-17T08:46:17.736Z", "user": 1, "content_type": 11, "object_id": "10", "object_repr": "вова вовин - не дом", "action_flag": 3, "change_message": ""}}, {"model": "admin.logentry", "pk": 20, "fields": {"action_time": "2022-02-17T12:08:42.467Z", "user": 1, "content_type": 11, "object_id": "17", "object_repr": "Иван Петров - Москва", "action_flag": 3, "change_message": ""}}, {"model": "admin.logentry", "pk": 21, "fields": {"action_time": "2022-02-17T12:08:42.572Z", "user": 1, "content_type": 11, "object_id": "16", "object_repr": "Иван Петров - Москва", "action_flag": 3, "change_message": ""}}, {"model": "admin.logentry", "pk": 22, "fields": {"action_time": "2022-02-17T12:08:42.650Z", "user": 1, "content_type": 11, "object_id": "15", "object_repr": "Иван Петров - Москва", "action_flag": 3, "change_message": ""}}, {"model": "admin.logentry", "pk": 23, "fields": {"action_time": "2022-02-17T12:08:42.734Z", "user": 1, "content_type": 11, "object_id": "14", "object_repr": "Иван Петров - Москва", "action_flag": 3, "change_message": ""}}, {"model": "admin.logentry", "pk": 24, "fields": {"action_time": "2022-02-17T12:17:24.389Z", "user": 1, "content_type": 11, "object_id": "21", "object_repr": "Иван Петров - Москва", "action_flag": 3, "change_message": ""}}, {"model": "admin.logentry", "pk": 25, "fields": {"action_time": "2022-02-17T12:17:24.458Z", "user": 1, "content_type": 11, "object_id": "20", "object_repr": "Иван Петров - Москва", "action_flag": 3, "change_message": ""}}, {"model": "admin.logentry", "pk": 26, "fields": {"action_time": "2022-02-17T12:17:24.559Z", "user": 1, "content_type": 11, "object_id": "19", "object_repr": "Иван Петров - Москва", "action_flag": 3, "change_message": ""}}, {"model": "admin.logentry", "pk": 27, "fields": {"action_time": "2022-02-17T13:36:15.212Z", "user": 1, "content_type": 11, "object_id": "23", "object_repr": "Федя-кот Михалыч - Диван", "action_flag": 3, "change_message": ""}}, {"model": "admin.logentry", "pk": 28, "fields": {"action_time": "2022-02-17T13:36:15.288Z", "user": 1, "content_type": 11, "object_id": "22", "object_repr": "Иван Петров - Москва", "action_flag": 3, "change_message": ""}}, {"model": "admin.logentry", "pk": 29, "fields": {"action_time": "2022-02-17T13:45:11.388Z", "user": 1, "content_type": 11, "object_id": "24", "object_repr": "Тимур Иванов - Москва, Новый Арбат 10", "action_flag": 3, "change_message": ""}}, {"model": "admin.logentry", "pk": 30, "fields": {"action_time": "2022-02-17T14:22:55.461Z", "user": 1, "content_type": 11, "object_id": "26", "object_repr": "Тимур Иванов - Москва, Новый Арбат 10", "action_flag": 3, "change_message": ""}}, {"model": "admin.logentry", "pk": 31, "fields": {"action_time": "2022-02-18T13:31:31.313Z", "user": 1, "content_type": 11, "object_id": "27", "object_repr": "Иван Петров - Москва", "action_flag": 3, "change_message": ""}}, {"model": "admin.logentry", "pk": 32, "fields": {"action_time": "2022-02-18T13:31:31.425Z", "user": 1, "content_type": 11, "object_id": "25", "object_repr": "Иван Петров - Москва", "action_flag": 3, "change_message": ""}}, {"model": "admin.logentry", "pk": 33, "fields": {"action_time": "2022-02-18T13:31:31.492Z", "user": 1, "content_type": 11, "object_id": "18", "object_repr": "Иван Петров - Москва", "action_flag": 3, "change_message": ""}}, {"model": "admin.logentry", "pk": 34, "fields": {"action_time": "2022-02-18T13:45:58.400Z", "user": 1, "content_type": 11, "object_id": "33", "object_repr": "fdfdfdfd fdfdfdfdf - ssdsdsdsd", "action_flag": 3, "change_message": ""}}, {"model": "admin.logentry", "pk": 35, "fields": {"action_time": "2022-02-18T13:45:58.502Z", "user": 1, "content_type": 11, "object_id": "32", "object_repr": "ggfgfgfg gffgfgfgfgf - gfgfgfgfg", "action_flag": 3, "change_message": ""}}, {"model": "admin.logentry", "pk": 36, "fields": {"action_time": "2022-02-18T13:45:58.578Z", "user": 1, "content_type": 11, "object_id": "31", "object_repr": "Федя-кот Михалыч - Диван", "action_flag": 3, "change_message": ""}}, {"model": "admin.logentry", "pk": 37, "fields": {"action_time": "2022-02-18T13:45:58.669Z", "user": 1, "content_type": 11, "object_id": "30", "object_repr": "Федя-кот Михалыч - Диван", "action_flag": 3, "change_message": ""}}, {"model": "admin.logentry", "pk": 38, "fields": {"action_time": "2022-02-19T15:18:05.507Z", "user": 1, "content_type": 11, "object_id": "39", "object_repr": "Василий Васильевич - Лондон", "action_flag": 3, "change_message": ""}}, {"model": "admin.logentry", "pk": 39, "fields": {"action_time": "2022-02-19T15:18:05.552Z", "user": 1, "content_type": 11, "object_id": "38", "object_repr": "Федя-кот Михалыч - Диван", "action_flag": 3, "change_message": ""}}, {"model": "admin.logentry", "pk": 40, "fields": {"action_time": "2022-02-19T15:18:05.595Z", "user": 1, "content_type": 11, "object_id": "37", "object_repr": "Федя-кот Михалыч - Диван", "action_flag": 3, "change_message": ""}}, {"model": "admin.logentry", "pk": 41, "fields": {"action_time": "2022-02-19T15:18:05.628Z", "user": 1, "content_type": 11, "object_id": "36", "object_repr": "Федя-кот Михалыч - Диван", "action_flag": 3, "change_message": ""}}, {"model": "admin.logentry", "pk": 42, "fields": {"action_time": "2022-02-19T15:18:05.654Z", "user": 1, "content_type": 11, "object_id": "35", "object_repr": "Федя-кот Михалыч - Диван", "action_flag": 3, "change_message": ""}}, {"model": "admin.logentry", "pk": 43, "fields": {"action_time": "2022-02-19T15:18:05.675Z", "user": 1, "content_type": 11, "object_id": "34", "object_repr": "Федя-кот Михалыч - Диван", "action_flag": 3, "change_message": ""}}, {"model": "admin.logentry", "pk": 44, "fields": {"action_time": "2022-02-19T15:18:05.693Z", "user": 1, "content_type": 11, "object_id": "29", "object_repr": "Федя-кот Михалыч - Диван", "action_flag": 3, "change_message": ""}}, {"model": "admin.logentry", "pk": 45, "fields": {"action_time": "2022-03-07T13:33:33.985Z", "user": 1, "content_type": 11, "object_id": "40", "object_repr": "Василий Васильевич - Лондон", "action_flag": 2, "change_message": "[{\"added\": {\"name\": \"\\u042d\\u043b\\u0435\\u043c\\u0435\\u043d\\u0442\\u044b \\u0437\\u0430\\u043a\\u0430\\u0437\\u0430\", \"object\": \"\\u0418\\u0437 \\u0437\\u0430\\u043a\\u0430\\u0437\\u0430 40 - \\u041b\\u043e\\u043d\\u0433 \\u0427\\u0438\\u0437\\u0431\\u0443\\u0440\\u0433\\u0435\\u0440 \"}}, {\"added\": {\"name\": \"\\u042d\\u043b\\u0435\\u043c\\u0435\\u043d\\u0442\\u044b \\u0437\\u0430\\u043a\\u0430\\u0437\\u0430\", \"object\": \"\\u0418\\u0437 \\u0437\\u0430\\u043a\\u0430\\u0437\\u0430 40 - \\u0422\\u0440\\u043e\\u0439\\u043d\\u043e\\u0439 \\u0412\\u043e\\u043f\\u043f\\u0435\\u0440 \"}}]"}}, {"model": "admin.logentry", "pk": 46, "fields": {"action_time": "2022-03-26T10:54:02.324Z", "user": 1, "content_type": 11, "object_id": "40", "object_repr": "40-Василий Васильевич - Санкт Петербург ул кораблестроителей 42 к1", "action_flag": 2, "change_message": "[{\"changed\": {\"fields\": [\"\\u0410\\u0434\\u0440\\u0435\\u0441\\u0441\", \"\\u041a\\u043e\\u043c\\u043c\\u0435\\u043d\\u0442\\u0430\\u0440\\u0438\\u0438\", \"\\u0421\\u043f\\u043e\\u0441\\u043e\\u0431 \\u043e\\u043f\\u043b\\u0430\\u0442\\u044b\", \"\\u0420\\u0435\\u043a\\u043e\\u043c\\u0435\\u043d\\u0434\\u043e\\u0432\\u0430\\u043d\\u044b\\u0435 \\u0440\\u0435\\u0441\\u0442\\u043e\\u0440\\u0430\\u043d\\u044b\"]}}]"}}, {"model": "admin.logentry", "pk": 47, "fields": {"action_time": "2022-03-26T10:54:43.156Z", "user": 1, "content_type": 11, "object_id": "28", "object_repr": "28-тундра ляляля - Санкт перетербург невкий пр. д12", "action_flag": 2, "change_message": "[{\"changed\": {\"fields\": [\"\\u0410\\u0434\\u0440\\u0435\\u0441\\u0441\", \"\\u0420\\u0435\\u043a\\u043e\\u043c\\u0435\\u043d\\u0434\\u043e\\u0432\\u0430\\u043d\\u044b\\u0435 \\u0440\\u0435\\u0441\\u0442\\u043e\\u0440\\u0430\\u043d\\u044b\"]}}]"}}, {"model": "admin.logentry", "pk": 48, "fields": {"action_time": "2022-03-26T14:46:09.428Z", "user": 1, "content_type": 11, "object_id": "11", "object_repr": "11-Вова Вовин - северный пр. д8 к1", "action_flag": 2, "change_message": "[{\"changed\": {\"fields\": [\"\\u0418\\u043c\\u044f\", \"\\u0424\\u0430\\u043c\\u0438\\u043b\\u0438\\u044f\", \"\\u041d\\u043e\\u043c\\u0435\\u0440 \\u0442\\u0435\\u043b\\u0435\\u0444\\u043e\\u043d\\u0430\", \"\\u0410\\u0434\\u0440\\u0435\\u0441\\u0441\", \"\\u041a\\u043e\\u043c\\u043c\\u0435\\u043d\\u0442\\u0430\\u0440\\u0438\\u0438\", \"\\u0420\\u0435\\u043a\\u043e\\u043c\\u0435\\u043d\\u0434\\u043e\\u0432\\u0430\\u043d\\u044b\\u0435 \\u0440\\u0435\\u0441\\u0442\\u043e\\u0440\\u0430\\u043d\\u044b\"]}}]"}}, {"model": "admin.logentry", "pk": 49, "fields": {"action_time": "2022-03-27T10:41:18.911Z", "user": 1, "content_type": 11, "object_id": "13", "object_repr": "13-ывывыввывы вывывывывыв - выывывывыв", "action_flag": 2, "change_message": "[{\"changed\": {\"fields\": [\"\\u041d\\u043e\\u043c\\u0435\\u0440 \\u0442\\u0435\\u043b\\u0435\\u0444\\u043e\\u043d\\u0430\", \"\\u041a\\u043e\\u043c\\u043c\\u0435\\u043d\\u0442\\u0430\\u0440\\u0438\\u0438\", \"\\u0420\\u0435\\u043a\\u043e\\u043c\\u0435\\u043d\\u0434\\u043e\\u0432\\u0430\\u043d\\u044b\\u0435 \\u0440\\u0435\\u0441\\u0442\\u043e\\u0440\\u0430\\u043d\\u044b\"]}}]"}}, {"model": "admin.logentry", "pk": 50, "fields": {"action_time": "2022-03-27T10:42:18.549Z", "user": 1, "content_type": 11, "object_id": "13", "object_repr": "13-ывывыввывы вывывывывыв - выывывывыв", "action_flag": 2, "change_message": "[{\"changed\": {\"fields\": [\"\\u0421\\u043f\\u043e\\u0441\\u043e\\u0431 \\u043e\\u043f\\u043b\\u0430\\u0442\\u044b\"]}}]"}}, {"model": "admin.logentry", "pk": 51, "fields": {"action_time": "2022-03-27T11:58:45.963Z", "user": 1, "content_type": 11, "object_id": "13", "object_repr": "13-Вывыввывы Вывывывывывович - выывывывыв", "action_flag": 2, "change_message": "[{\"changed\": {\"fields\": [\"\\u0418\\u043c\\u044f\", \"\\u0424\\u0430\\u043c\\u0438\\u043b\\u0438\\u044f\"]}}]"}}, {"model": "admin.logentry", "pk": 52, "fields": {"action_time": "2022-03-27T12:21:18.181Z", "user": 1, "content_type": 11, "object_id": "40", "object_repr": "40-Василий Васильевич - Санкт Петербург ул кораблестроителей 42 к1", "action_flag": 2, "change_message": "[{\"changed\": {\"fields\": [\"\\u0420\\u0435\\u043a\\u043e\\u043c\\u0435\\u043d\\u0434\\u043e\\u0432\\u0430\\u043d\\u044b\\u0435 \\u0440\\u0435\\u0441\\u0442\\u043e\\u0440\\u0430\\u043d\\u044b\"]}}]"}}, {"model": "admin.logentry", "pk": 53, "fields": {"action_time": "2022-04-10T13:13:34.769Z", "user": 1, "content_type": 11, "object_id": "12", "object_repr": "12-Федя-кот Михалыч - Диван", "action_flag": 2, "change_message": "[{\"changed\": {\"fields\": [\"\\u041d\\u043e\\u043c\\u0435\\u0440 \\u0442\\u0435\\u043b\\u0435\\u0444\\u043e\\u043d\\u0430\", \"\\u0420\\u0435\\u043a\\u043e\\u043c\\u0435\\u043d\\u0434\\u043e\\u0432\\u0430\\u043d\\u044b\\u0435 \\u0440\\u0435\\u0441\\u0442\\u043e\\u0440\\u0430\\u043d\\u044b\"]}}]"}}, {"model": "admin.logentry", "pk": 54, "fields": {"action_time": "2022-05-05T08:42:45.122Z", "user": 1, "content_type": 1, "object_id": "1", "object_repr": "Стейкхаус", "action_flag": 2, "change_message": "[{\"changed\": {\"fields\": [\"\\u041a\\u0430\\u0440\\u0442\\u0438\\u043d\\u043a\\u0430\"]}}]"}}, {"model": "admin.logentry", "pk": 55, "fields": {"action_time": "2022-05-05T17:20:04.689Z", "user": 1, "content_type": 11, "object_id": "41", "object_repr": "41-Вовайй Вовинйй - северный пр. д8 к1", "action_flag": 2, "change_message": "[{\"changed\": {\"fields\": [\"\\u0420\\u0435\\u043a\\u043e\\u043c\\u0435\\u043d\\u0434\\u043e\\u0432\\u0430\\u043d\\u044b\\u0435 \\u0440\\u0435\\u0441\\u0442\\u043e\\u0440\\u0430\\u043d\\u044b\"]}}]"}}, {"model": "admin.logentry", "pk": 56, "fields": {"action_time": "2022-05-05T19:29:55.171Z", "user": 1, "content_type": 11, "object_id": "41", "object_repr": "41-Вовайй Вовинйй - северный пр. д8 к1", "action_flag": 2, "change_message": "[{\"changed\": {\"fields\": [\"\\u0420\\u0435\\u043a\\u043e\\u043c\\u0435\\u043d\\u0434\\u043e\\u0432\\u0430\\u043d\\u044b\\u0435 \\u0440\\u0435\\u0441\\u0442\\u043e\\u0440\\u0430\\u043d\\u044b\"]}}]"}}, {"model": "admin.logentry", "pk": 57, "fields": {"action_time": "2022-05-05T19:30:31.662Z", "user": 1, "content_type": 11, "object_id": "41", "object_repr": "41-Вовайй Вовинйй - северный пр. д8 к1", "action_flag": 2, "change_message": "[{\"changed\": {\"fields\": [\"\\u0420\\u0435\\u043a\\u043e\\u043c\\u0435\\u043d\\u0434\\u043e\\u0432\\u0430\\u043d\\u044b\\u0435 \\u0440\\u0435\\u0441\\u0442\\u043e\\u0440\\u0430\\u043d\\u044b\"]}}]"}}, {"model": "admin.logentry", "pk": 58, "fields": {"action_time": "2022-05-05T19:33:38.158Z", "user": 1, "content_type": 11, "object_id": "41", "object_repr": "41-Вовайй Вовинйй - северный пр. д8 к1", "action_flag": 2, "change_message": "[{\"changed\": {\"fields\": [\"\\u0420\\u0435\\u043a\\u043e\\u043c\\u0435\\u043d\\u0434\\u043e\\u0432\\u0430\\u043d\\u044b\\u0435 \\u0440\\u0435\\u0441\\u0442\\u043e\\u0440\\u0430\\u043d\\u044b\"]}}]"}}, {"model": "admin.logentry", "pk": 59, "fields": {"action_time": "2022-05-05T19:48:11.229Z", "user": 1, "content_type": 11, "object_id": "41", "object_repr": "41-Вовайй Вовинйй - северный пр. д8 к1", "action_flag": 2, "change_message": "[{\"changed\": {\"fields\": [\"\\u0420\\u0435\\u043a\\u043e\\u043c\\u0435\\u043d\\u0434\\u043e\\u0432\\u0430\\u043d\\u044b\\u0435 \\u0440\\u0435\\u0441\\u0442\\u043e\\u0440\\u0430\\u043d\\u044b\"]}}]"}}, {"model": "admin.logentry", "pk": 60, "fields": {"action_time": "2022-05-08T11:14:49.087Z", "user": 1, "content_type": 11, "object_id": "41", "object_repr": "41-Вовайй Вовинйй - северный пр. д8 к1", "action_flag": 2, "change_message": "[{\"changed\": {\"fields\": [\"\\u041d\\u0430\\u0437\\u043d\\u0430\\u0447\\u0435\\u043d\\u044b\\u0439 \\u0440\\u0435\\u0441\\u0442\\u043e\\u0440\\u0430\\u043d\"]}}]"}}, {"model": "admin.logentry", "pk": 61, "fields": {"action_time": "2022-05-08T20:36:02.553Z", "user": 1, "content_type": 11, "object_id": "41", "object_repr": "41-Вовайй Вовинйй - северный пр. д8 к1", "action_flag": 2, "change_message": "[{\"changed\": {\"fields\": [\"\\u0420\\u0435\\u043a\\u043e\\u043c\\u0435\\u043d\\u0434\\u043e\\u0432\\u0430\\u043d\\u044b\\u0435 \\u0440\\u0435\\u0441\\u0442\\u043e\\u0440\\u0430\\u043d\\u044b\"]}}, {\"added\": {\"name\": \"\\u042d\\u043b\\u0435\\u043c\\u0435\\u043d\\u0442\\u044b \\u0437\\u0430\\u043a\\u0430\\u0437\\u0430\", \"object\": \"\\u0418\\u0437 \\u0437\\u0430\\u043a\\u0430\\u0437\\u0430 41 - \\u0421\\u0442\\u0435\\u0439\\u043a\\u0445\\u0430\\u0443\\u0441 \"}}]"}}, {"model": "admin.logentry", "pk": 62, "fields": {"action_time": "2022-05-08T20:38:34.148Z", "user": 1, "content_type": 11, "object_id": "41", "object_repr": "41-Вовайй Вовинйй - северный пр. д8 к1", "action_flag": 2, "change_message": "[{\"added\": {\"name\": \"\\u042d\\u043b\\u0435\\u043c\\u0435\\u043d\\u0442\\u044b \\u0437\\u0430\\u043a\\u0430\\u0437\\u0430\", \"object\": \"\\u0418\\u0437 \\u0437\\u0430\\u043a\\u0430\\u0437\\u0430 41 - \\u0422\\u0440\\u043e\\u0439\\u043d\\u043e\\u0439 \\u0412\\u043e\\u043f\\u043f\\u0435\\u0440 \"}}]"}}, {"model": "admin.logentry", "pk": 63, "fields": {"action_time": "2022-05-08T20:38:45.246Z", "user": 1, "content_type": 11, "object_id": "41", "object_repr": "41-Вовайй Вовинйй - северный пр. д8 к1", "action_flag": 2, "change_message": "[{\"changed\": {\"fields\": [\"\\u0420\\u0435\\u043a\\u043e\\u043c\\u0435\\u043d\\u0434\\u043e\\u0432\\u0430\\u043d\\u044b\\u0435 \\u0440\\u0435\\u0441\\u0442\\u043e\\u0440\\u0430\\u043d\\u044b\"]}}]"}}, {"model": "admin.logentry", "pk": 64, "fields": {"action_time": "2022-05-08T20:42:54.973Z", "user": 1, "content_type": 11, "object_id": "41", "object_repr": "41-Вовайй Вовинйй - северный пр. д8 к1", "action_flag": 2, "change_message": "[{\"changed\": {\"fields\": [\"\\u0420\\u0435\\u043a\\u043e\\u043c\\u0435\\u043d\\u0434\\u043e\\u0432\\u0430\\u043d\\u044b\\u0435 \\u0440\\u0435\\u0441\\u0442\\u043e\\u0440\\u0430\\u043d\\u044b\"]}}]"}}, {"model": "admin.logentry", "pk": 65, "fields": {"action_time": "2022-05-08T21:32:36.270Z", "user": 1, "content_type": 11, "object_id": "41", "object_repr": "41-Вовайй Вовинйй - северный пр. д8 к1", "action_flag": 2, "change_message": "[{\"changed\": {\"fields\": [\"\\u0420\\u0435\\u043a\\u043e\\u043c\\u0435\\u043d\\u0434\\u043e\\u0432\\u0430\\u043d\\u044b\\u0435 \\u0440\\u0435\\u0441\\u0442\\u043e\\u0440\\u0430\\u043d\\u044b\"]}}]"}}, {"model": "auth.user", "pk": 1, "fields": {"password": "pbkdf2_sha256$260000$HAMusAsOElevsgrgJPjxqq$py2wzq6fwx9cI197ZDBpVNnB5ive58lSer55wmsCxWs=", "last_login": "2022-05-05T08:40:57.650Z", "is_superuser": true, "username": "admin", "first_name": "", "last_name": "", "email": "elorian@mail.ru", "is_staff": true, "is_active": true, "date_joined": "2022-02-15T13:58:06.142Z", "groups": [], "user_permissions": []}}, {"model": "sessions.session", "pk": "1f1yy5g1e1xa1llfpxyp72d2ezdxulza", "fields": {"session_data": ".eJxVjLsOAiEQAP-F2pAFecXS3m8gC-zKqYHkuKuM_25IrtB2ZjJvEXHfatwHrXEp4iKUOP2yhPlJbYrywHbvMve2rUuSM5GHHfLWC72uR_s3qDjq3IJl5wuQC0mdjUabNGuLnNkS5OLZOOMTWNAAQStfmAP57BOSBufE5wvbhTfC:1nRAyZ:Z6_d37snrAJV8E90CeW38YsaGhXCH24fS5_sc2ohzKU", "expire_date": "2022-03-21T10:52:27.418Z"}}, {"model": "sessions.session", "pk": "dg7k9gpatlw57orrllihmm2x5nhfxsc1", "fields": {"session_data": ".eJxVjLsOAiEQAP-F2pAFecXS3m8gC-zKqYHkuKuM_25IrtB2ZjJvEXHfatwHrXEp4iKUOP2yhPlJbYrywHbvMve2rUuSM5GHHfLWC72uR_s3qDjq3IJl5wuQC0mdjUabNGuLnNkS5OLZOOMTWNAAQStfmAP57BOSBufE5wvbhTfC:1nLRUU:iUXUfmV4JO2dnaUiOyAn8ELCxw0fR6X7x1FknUR4v88", "expire_date": "2022-03-05T15:17:42.202Z"}}, {"model": "sessions.session", "pk": "dr5j3szonge4eveaka2fibv9hg8t6ns0", "fields": {"session_data": ".eJxVjLsOAiEQAP-F2pAFecXS3m8gC-zKqYHkuKuM_25IrtB2ZjJvEXHfatwHrXEp4iKUOP2yhPlJbYrywHbvMve2rUuSM5GHHfLWC72uR_s3qDjq3IJl5wuQC0mdjUabNGuLnNkS5OLZOOMTWNAAQStfmAP57BOSBufE5wvbhTfC:1ndXMl:QtCZ9hZcIa4A2LCALLff6bnlvdW0giXz5Xat4Xxa9BM", "expire_date": "2022-04-24T13:12:31.689Z"}}, {"model": "sessions.session", "pk": "hi37umsofb41klx8v3xxm74o1x3kn185", "fields": {"session_data": ".eJxVjLsOAiEQAP-F2pAFecXS3m8gC-zKqYHkuKuM_25IrtB2ZjJvEXHfatwHrXEp4iKUOP2yhPlJbYrywHbvMve2rUuSM5GHHfLWC72uR_s3qDjq3IJl5wuQC0mdjUabNGuLnNkS5OLZOOMTWNAAQStfmAP57BOSBufE5wvbhTfC:1nKbgd:2GzWsGSyT-sCQz2E6RcaVcRHhW17TfnD6fsw2rO4o_k", "expire_date": "2022-03-03T07:58:47.283Z"}}, {"model": "sessions.session", "pk": "iwicllxwuk4j5cankbw4phqfu8b8b0sq", "fields": {"session_data": ".eJxVjLsOAiEQAP-F2pAFecXS3m8gC-zKqYHkuKuM_25IrtB2ZjJvEXHfatwHrXEp4iKUOP2yhPlJbYrywHbvMve2rUuSM5GHHfLWC72uR_s3qDjq3IJl5wuQC0mdjUabNGuLnNkS5OLZOOMTWNAAQStfmAP57BOSBufE5wvbhTfC:1nmX2f:fSfEwHqxML7qH2zT2FZz1X2r1a5GsYzWH-Bc7b8dW-U", "expire_date": "2022-05-19T08:40:57.768Z"}}, {"model": "sessions.session", "pk": "vutvcg7jzh9xckh09zb7bar5u6fv7kay", "fields": {"session_data": ".eJxVjLsOAiEQAP-F2pAFecXS3m8gC-zKqYHkuKuM_25IrtB2ZjJvEXHfatwHrXEp4iKUOP2yhPlJbYrywHbvMve2rUuSM5GHHfLWC72uR_s3qDjq3IJl5wuQC0mdjUabNGuLnNkS5OLZOOMTWNAAQStfmAP57BOSBufE5wvbhTfC:1nY3d9:1sqshbBtsQZ5Tq65dKudo22qegeJ95PKtKu7FeVL_OU", "expire_date": "2022-04-09T10:26:47.768Z"}}]