[{"model": "foodcartapp.coordinate", "pk": 1, "fields": {"address": "Москва, пл. Киевского Вокзала, 2", "lon": 37.566072, "lat": 55.744637}}, {"model": "foodcartapp.coordinate", "pk": 2, "fields": {"address": "Москва, Цветной бульвар, 11с2", "lon": 37.620429, "lat": 55.770076}}, {"model": "foodcartapp.coordinate", "pk": 3, "fields": {"address": "Москва, ул. Новый Арбат, 15", "lon": 37.59242, "lat": 55.752141}}, {"model": "foodcartapp.coordinate", "pk": 4, "fields": {"address": "не дом", "lon": -0.234047, "lat": 5.642043}}, {"model": "foodcartapp.coordinate", "pk": 5, "fields": {"address": "Диван", "lon": 54.584538, "lat": 26.580064}}, {"model": "foodcartapp.coordinate", "pk": 6, "fields": {"address": "ракета", "lon": 136.201665, "lat": 46.382029}}, {"model": "foodcartapp.coordinate", "pk": 7, "fields": {"address": "404 Обана!", "lon": 14.867585, "lat": -1.036884}}, {"model": "foodcartapp.coordinate", "pk": 8, "fields": {"address": "Диван/", "lon": 54.584538, "lat": 26.580064}}, {"model": "foodcartapp.coordinate", "pk": 9, "fields": {"address": "Это СанФоанциско", "lon": -61.48395, "lat": 10.174675}}, {"model": "foodcartapp.coordinate", "pk": 10, "fields": {"address": "Санкт-Петербург киевская улица 27", "lon": 30.331202, "lat": 59.903882}}, {"model": "foodcartapp.coordinate", "pk": 11, "fields": {"address": "киевская улица, дом 28", "lon": 30.331202, "lat": 59.903882}}, {"model": "foodcartapp.coordinate", "pk": 12, "fields": {"address": "Красная площадь", "lon": 37.621211, "lat": 55.753544}}, {"model": "foodcartapp.coordinate", "pk": 13, "fields": {"address": "улица красного октября", "lon": 35.845726, "lat": 56.836052}}, {"model": "foodcartapp.coordinate", "pk": 14, "fields": {"address": "СанФоанциско", "lon": -122.446913, "lat": 37.759351}}, {"model": "foodcartapp.coordinate", "pk": 15, "fields": {"address": "мягкая кроватка на улице мояковского", "lon": 19.798869, "lat": 54.371307}}, {"model": "foodcartapp.coordinate", "pk": 16, "fields": {"address": "тучков мост", "lon": 30.285532, "lat": 59.948951}}, {"model": "foodcartapp.coordinate", "pk": 17, "fields": {"address": "черкизова", "lon": 38.740413, "lat": 55.202234}}, {"model": "foodcartapp.coordinate", "pk": 18, "fields": {"address": "чучкино", "lon": 73.637482, "lat": 55.419156}}, {"model": "foodcartapp.restaurant", "pk": 1, "fields": {"name": "Star Burger Арбат", "address": "Москва, ул. Новый Арбат, 15", "coordinate": 3, "contact_phone": "+7 (967) 157-44-13"}}, {"model": "foodcartapp.restaurant", "pk": 2, "fields": {"name": "Star Burger Цветной", "address": "Москва, Цветной бульвар, 11с2", "coordinate": 2, "contact_phone": "+7 (929) 949-55-36"}}, {"model": "foodcartapp.restaurant", "pk": 3, "fields": {"name": "Star Burger Европейский", "address": "Москва, пл. Киевского Вокзала, 2", "coordinate": 1, "contact_phone": "+7 (929) 680-47-58"}}, {"model": "foodcartapp.productcategory", "pk": 1, "fields": {"name": "Бургер"}}, {"model": "foodcartapp.product", "pk": 1, "fields": {"name": "Стейкхаус", "category": 1, "price": "270.00", "image": "IMG_20210908_093852.jpg", "special_status": false, "description": "Стейкхаус – это сочетание нашей фирменной, приготовленной на огне 100% говядины с ломтиками бекона и соусом «Барбекю», майонезом, листьями свежего салата, помидором и хрустящим луком на воздушной булочке, посыпанной кукурузной крошкой."}}, {"model": "foodcartapp.product", "pk": 2, "fields": {"name": "Лонг Чизбургер", "category": 1, "price": "219.00", "image": "long_chiz.jpg", "special_status": false, "description": "Лонг Чизбургер – эталон в коллекции чизбургеров! Два приготовленных на огне бифштекса с двумя ломтиками слегка расплавленного сыра, хрустящими огурчиками, рубленым луком, горчицей и кетчупом на длинной подрумяненной булочке с кунжутом."}}, {"model": "foodcartapp.product", "pk": 3, "fields": {"name": "Тройной Воппер", "category": 1, "price": "369.00", "image": "triple_vopper.jpg", "special_status": false, "description": "ВОППЕР® — это вкуснейшая приготовленная на огне 100% говядина с сочными помидорами, свежим нарезанным листовым салатом, густым майонезом, хрустящими маринованными огурчиками и свежим луком на нежной булочке с кунжутом."}}, {"model": "foodcartapp.restaurantmenuitem", "pk": 1, "fields": {"restaurant": 1, "product": 1, "availability": true}}, {"model": "foodcartapp.restaurantmenuitem", "pk": 2, "fields": {"restaurant": 2, "product": 1, "availability": true}}, {"model": "foodcartapp.restaurantmenuitem", "pk": 3, "fields": {"restaurant": 3, "product": 3, "availability": true}}, {"model": "foodcartapp.restaurantmenuitem", "pk": 4, "fields": {"restaurant": 3, "product": 2, "availability": true}}, {"model": "foodcartapp.restaurantmenuitem", "pk": 5, "fields": {"restaurant": 2, "product": 3, "availability": true}}, {"model": "foodcartapp.restaurantmenuitem", "pk": 6, "fields": {"restaurant": 1, "product": 2, "availability": true}}, {"model": "foodcartapp.restaurantmenuitem", "pk": 7, "fields": {"restaurant": 1, "product": 3, "availability": true}}, {"model": "foodcartapp.foodorder", "pk": 11, "fields": {"firstname": "Вова", "lastname": "Вовин", "phonenumber": "+79654586502", "address": "Красная площадь", "order_status": "PROGRESS", "comments": "Вову не нашел!", "creation_date": "2022-03-23T13:51:34Z", "call_time": "2022-04-14T13:09:02Z", "delivery_time": "2022-03-24T17:52:01Z", "payment_method": "CARD", "assigned_restaurant": null}}, {"model": "foodcartapp.foodorder", "pk": 12, "fields": {"firstname": "Федя-кот", "lastname": "Михалыч", "phonenumber": "+79658542568", "address": "Диван", "order_status": "NEW", "comments": "", "creation_date": "2022-03-23T13:51:34Z", "call_time": null, "delivery_time": null, "payment_method": "CASH", "assigned_restaurant": null}}, {"model": "foodcartapp.foodorder", "pk": 13, "fields": {"firstname": "Выдрань", "lastname": "Выхухылина", "phonenumber": "+79538524532", "address": "улица красного октября", "order_status": "PROGRESS", "comments": "", "creation_date": "2022-03-23T13:51:34Z", "call_time": null, "delivery_time": null, "payment_method": "CARD", "assigned_restaurant": null}}, {"model": "foodcartapp.foodorder", "pk": 42, "fields": {"firstname": "Дадуда", "lastname": "Дадудов", "phonenumber": "+79854156598", "address": "СанФоанциско", "order_status": "FINISHED", "comments": "", "creation_date": "2022-03-23T13:51:34Z", "call_time": null, "delivery_time": null, "payment_method": "CASH", "assigned_restaurant": null}}, {"model": "foodcartapp.foodorder", "pk": 52, "fields": {"firstname": "Чебурашка", "lastname": "Чебургенов", "phonenumber": "+79854102563", "address": "Санкт-Петербург киевская улица 27", "order_status": "NEW", "comments": "", "creation_date": "2022-03-25T11:52:57Z", "call_time": null, "delivery_time": null, "payment_method": "CASH", "assigned_restaurant": null}}, {"model": "foodcartapp.foodorder", "pk": 53, "fields": {"firstname": "Дон батон", "lastname": "Шаколадович", "phonenumber": "+79658965256", "address": "киевская улица, дом 28", "order_status": "PROGRESS", "comments": "", "creation_date": "2022-04-04T14:33:39Z", "call_time": null, "delivery_time": null, "payment_method": "", "assigned_restaurant": null}}, {"model": "foodcartapp.foodorder", "pk": 54, "fields": {"firstname": "Дон Федон", "lastname": "Необыкновенный", "phonenumber": "+79685214589", "address": "мягкая кроватка на улице мояковского", "order_status": "NEW", "comments": "", "creation_date": "2022-04-25T13:39:49.834Z", "call_time": null, "delivery_time": null, "payment_method": "", "assigned_restaurant": null}}, {"model": "foodcartapp.foodorder", "pk": 60, "fields": {"firstname": "gfshgfdjgdhjhgd", "lastname": "SFDfdgsthfhj", "phonenumber": "+79625896545", "address": "тучков мост", "order_status": "NEW", "comments": "", "creation_date": "2022-04-27T13:18:20.711Z", "call_time": null, "delivery_time": null, "payment_method": "", "assigned_restaurant": null}}, {"model": "foodcartapp.foodorder", "pk": 61, "fields": {"firstname": "fdsfgfdsghfdshfs", "lastname": "sdhgfdshgsgfhsgfhgfs", "phonenumber": "+79658956215", "address": "черкизова", "order_status": "NEW", "comments": "", "creation_date": "2022-04-27T13:22:42.424Z", "call_time": null, "delivery_time": null, "payment_method": "", "assigned_restaurant": null}}, {"model": "foodcartapp.foodorder", "pk": 62, "fields": {"firstname": "zstdhjgxnzfhg", "lastname": "gfshfghgfdhdgfh", "phonenumber": "+79625896525", "address": "чучкино", "order_status": "NEW", "comments": "", "creation_date": "2022-04-27T13:30:29.247Z", "call_time": null, "delivery_time": null, "payment_method": "", "assigned_restaurant": null}}, {"model": "foodcartapp.foodorderproduct", "pk": 4, "fields": {"order": 11, "product": 1, "quantity": 2, "price": "50.00"}}, {"model": "foodcartapp.foodorderproduct", "pk": 5, "fields": {"order": 11, "product": 2, "quantity": 1, "price": "219.00"}}, {"model": "foodcartapp.foodorderproduct", "pk": 6, "fields": {"order": 11, "product": 3, "quantity": 1, "price": "369.00"}}, {"model": "foodcartapp.foodorderproduct", "pk": 7, "fields": {"order": 12, "product": 1, "quantity": 2, "price": "270.00"}}, {"model": "foodcartapp.foodorderproduct", "pk": 8, "fields": {"order": 12, "product": 2, "quantity": 1, "price": "219.00"}}, {"model": "foodcartapp.foodorderproduct", "pk": 9, "fields": {"order": 12, "product": 3, "quantity": 1, "price": "50.00"}}, {"model": "foodcartapp.foodorderproduct", "pk": 10, "fields": {"order": 13, "product": 1, "quantity": 1, "price": "50.00"}}, {"model": "foodcartapp.foodorderproduct", "pk": 11, "fields": {"order": 13, "product": 2, "quantity": 1, "price": "50.00"}}, {"model": "foodcartapp.foodorderproduct", "pk": 12, "fields": {"order": 13, "product": 3, "quantity": 1, "price": "369.00"}}, {"model": "foodcartapp.foodorderproduct", "pk": 40, "fields": {"order": 42, "product": 2, "quantity": 1, "price": "219.00"}}, {"model": "foodcartapp.foodorderproduct", "pk": 41, "fields": {"order": 42, "product": 3, "quantity": 1, "price": "369.00"}}, {"model": "foodcartapp.foodorderproduct", "pk": 58, "fields": {"order": 52, "product": 2, "quantity": 1, "price": "219.00"}}, {"model": "foodcartapp.foodorderproduct", "pk": 59, "fields": {"order": 52, "product": 3, "quantity": 1, "price": "369.00"}}, {"model": "foodcartapp.foodorderproduct", "pk": 60, "fields": {"order": 53, "product": 2, "quantity": 1, "price": "219.00"}}, {"model": "foodcartapp.foodorderproduct", "pk": 61, "fields": {"order": 53, "product": 1, "quantity": 1, "price": "270.00"}}, {"model": "foodcartapp.foodorderproduct", "pk": 62, "fields": {"order": 53, "product": 3, "quantity": 1, "price": "369.00"}}, {"model": "foodcartapp.foodorderproduct", "pk": 63, "fields": {"order": 54, "product": 2, "quantity": 1, "price": "219.00"}}, {"model": "foodcartapp.foodorderproduct", "pk": 64, "fields": {"order": 54, "product": 1, "quantity": 2, "price": "270.00"}}, {"model": "foodcartapp.foodorderproduct", "pk": 65, "fields": {"order": 54, "product": 3, "quantity": 1, "price": "369.00"}}, {"model": "foodcartapp.foodorderproduct", "pk": 73, "fields": {"order": 60, "product": 2, "quantity": 1, "price": "219.00"}}, {"model": "foodcartapp.foodorderproduct", "pk": 74, "fields": {"order": 60, "product": 3, "quantity": 1, "price": "369.00"}}, {"model": "foodcartapp.foodorderproduct", "pk": 75, "fields": {"order": 61, "product": 2, "quantity": 1, "price": "219.00"}}, {"model": "foodcartapp.foodorderproduct", "pk": 76, "fields": {"order": 61, "product": 1, "quantity": 1, "price": "270.00"}}, {"model": "foodcartapp.foodorderproduct", "pk": 77, "fields": {"order": 62, "product": 3, "quantity": 1, "price": "369.00"}}, {"model": "admin.logentry", "pk": 1, "fields": {"action_time": "2022-02-15T14:02:03.277Z", "user": 1, "content_type": 4, "object_id": "1", "object_repr": "Бургеры", "action_flag": 1, "change_message": "[{\"added\": {}}]"}}, {"model": "admin.logentry", "pk": 2, "fields": {"action_time": "2022-02-15T14:03:12.051Z", "user": 1, "content_type": 4, "object_id": "1", "object_repr": "Бургер", "action_flag": 2, "change_message": "[{\"changed\": {\"fields\": [\"\\u041d\\u0430\\u0437\\u0432\\u0430\\u043d\\u0438\\u0435\"]}}]"}}, {"model": "admin.logentry", "pk": 3, "fields": {"action_time": "2022-02-15T14:06:18.622Z", "user": 1, "content_type": 2, "object_id": "1", "object_repr": "Star Burger Арбат", "action_flag": 1, "change_message": "[{\"added\": {}}]"}}, {"model": "admin.logentry", "pk": 4, "fields": {"action_time": "2022-02-15T14:07:04.720Z", "user": 1, "content_type": 2, "object_id": "2", "object_repr": "Star Burger Цветной", "action_flag": 1, "change_message": "[{\"added\": {}}]"}}, {"model": "admin.logentry", "pk": 5, "fields": {"action_time": "2022-02-15T14:08:20.193Z", "user": 1, "content_type": 2, "object_id": "3", "object_repr": "Star Burger Европейский", "action_flag": 1, "change_message": "[{\"added\": {}}]"}}, {"model": "admin.logentry", "pk": 6, "fields": {"action_time": "2022-02-15T14:42:56.371Z", "user": 1, "content_type": 1, "object_id": "1", "object_repr": "Стейкхаус", "action_flag": 1, "change_message": "[{\"added\": {}}]"}}, {"model": "admin.logentry", "pk": 7, "fields": {"action_time": "2022-02-15T14:44:07.399Z", "user": 1, "content_type": 1, "object_id": "1", "object_repr": "Стейкхаус", "action_flag": 2, "change_message": "[{\"added\": {\"name\": \"\\u043f\\u0443\\u043d\\u043a\\u0442 \\u043c\\u0435\\u043d\\u044e \\u0440\\u0435\\u0441\\u0442\\u043e\\u0440\\u0430\\u043d\\u0430\", \"object\": \"Star Burger \\u0410\\u0440\\u0431\\u0430\\u0442 - \\u0421\\u0442\\u0435\\u0439\\u043a\\u0445\\u0430\\u0443\\u0441\"}}]"}}, {"model": "admin.logentry", "pk": 8, "fields": {"action_time": "2022-02-15T14:49:12.245Z", "user": 1, "content_type": 1, "object_id": "2", "object_repr": "Лонг Чизбургер", "action_flag": 1, "change_message": "[{\"added\": {}}, {\"added\": {\"name\": \"\\u043f\\u0443\\u043d\\u043a\\u0442 \\u043c\\u0435\\u043d\\u044e \\u0440\\u0435\\u0441\\u0442\\u043e\\u0440\\u0430\\u043d\\u0430\", \"object\": \"Star Burger \\u0426\\u0432\\u0435\\u0442\\u043d\\u043e\\u0439 - \\u041b\\u043e\\u043d\\u0433 \\u0427\\u0438\\u0437\\u0431\\u0443\\u0440\\u0433\\u0435\\u0440\"}}]"}}, {"model": "admin.logentry", "pk": 9, "fields": {"action_time": "2022-02-15T14:50:33.831Z", "user": 1, "content_type": 1, "object_id": "3", "object_repr": "Тройной Воппер", "action_flag": 1, "change_message": "[{\"added\": {}}, {\"added\": {\"name\": \"\\u043f\\u0443\\u043d\\u043a\\u0442 \\u043c\\u0435\\u043d\\u044e \\u0440\\u0435\\u0441\\u0442\\u043e\\u0440\\u0430\\u043d\\u0430\", \"object\": \"Star Burger \\u0415\\u0432\\u0440\\u043e\\u043f\\u0435\\u0439\\u0441\\u043a\\u0438\\u0439 - \\u0422\\u0440\\u043e\\u0439\\u043d\\u043e\\u0439 \\u0412\\u043e\\u043f\\u043f\\u0435\\u0440\"}}]"}}, {"model": "admin.logentry", "pk": 10, "fields": {"action_time": "2022-02-16T13:54:47.808Z", "user": 1, "content_type": 11, "object_id": "1", "object_repr": "вова вовин - не дом", "action_flag": 3, "change_message": ""}}, {"model": "admin.logentry", "pk": 11, "fields": {"action_time": "2022-02-16T14:04:31.634Z", "user": 1, "content_type": 11, "object_id": "2", "object_repr": "вова вовин - не дом", "action_flag": 3, "change_message": ""}}, {"model": "admin.logentry", "pk": 12, "fields": {"action_time": "2022-02-16T14:08:34.668Z", "user": 1, "content_type": 11, "object_id": "5", "object_repr": "вова вовин - не дом", "action_flag": 3, "change_message": ""}}, {"model": "admin.logentry", "pk": 13, "fields": {"action_time": "2022-02-16T14:08:34.769Z", "user": 1, "content_type": 11, "object_id": "4", "object_repr": "вова вовин - не дом", "action_flag": 3, "change_message": ""}}, {"model": "admin.logentry", "pk": 14, "fields": {"action_time": "2022-02-16T14:08:34.866Z", "user": 1, "content_type": 11, "object_id": "3", "object_repr": "вова вовин - не дом", "action_flag": 3, "change_message": ""}}, {"model": "admin.logentry", "pk": 15, "fields": {"action_time": "2022-02-16T14:13:00.487Z", "user": 1, "content_type": 11, "object_id": "6", "object_repr": "вова вовин - не дом", "action_flag": 3, "change_message": ""}}, {"model": "admin.logentry", "pk": 16, "fields": {"action_time": "2022-02-16T14:14:47.851Z", "user": 1, "content_type": 11, "object_id": "7", "object_repr": "вова вовин - не дом", "action_flag": 3, "change_message": ""}}, {"model": "admin.logentry", "pk": 17, "fields": {"action_time": "2022-02-16T14:16:23.198Z", "user": 1, "content_type": 11, "object_id": "8", "object_repr": "вова вовин - не дом", "action_flag": 3, "change_message": ""}}, {"model": "admin.logentry", "pk": 18, "fields": {"action_time": "2022-02-16T14:25:32.427Z", "user": 1, "content_type": 11, "object_id": "9", "object_repr": "вова вовин - не дом", "action_flag": 3, "change_message": ""}}, {"model": "admin.logentry", "pk": 19, "fields": {"action_time": "2022-02-17T08:46:17.736Z", "user": 1, "content_type": 11, "object_id": "10", "object_repr": "вова вовин - не дом", "action_flag": 3, "change_message": ""}}, {"model": "admin.logentry", "pk": 20, "fields": {"action_time": "2022-02-17T12:08:42.467Z", "user": 1, "content_type": 11, "object_id": "17", "object_repr": "Иван Петров - Москва", "action_flag": 3, "change_message": ""}}, {"model": "admin.logentry", "pk": 21, "fields": {"action_time": "2022-02-17T12:08:42.572Z", "user": 1, "content_type": 11, "object_id": "16", "object_repr": "Иван Петров - Москва", "action_flag": 3, "change_message": ""}}, {"model": "admin.logentry", "pk": 22, "fields": {"action_time": "2022-02-17T12:08:42.650Z", "user": 1, "content_type": 11, "object_id": "15", "object_repr": "Иван Петров - Москва", "action_flag": 3, "change_message": ""}}, {"model": "admin.logentry", "pk": 23, "fields": {"action_time": "2022-02-17T12:08:42.734Z", "user": 1, "content_type": 11, "object_id": "14", "object_repr": "Иван Петров - Москва", "action_flag": 3, "change_message": ""}}, {"model": "admin.logentry", "pk": 24, "fields": {"action_time": "2022-02-17T12:17:24.389Z", "user": 1, "content_type": 11, "object_id": "21", "object_repr": "Иван Петров - Москва", "action_flag": 3, "change_message": ""}}, {"model": "admin.logentry", "pk": 25, "fields": {"action_time": "2022-02-17T12:17:24.458Z", "user": 1, "content_type": 11, "object_id": "20", "object_repr": "Иван Петров - Москва", "action_flag": 3, "change_message": ""}}, {"model": "admin.logentry", "pk": 26, "fields": {"action_time": "2022-02-17T12:17:24.559Z", "user": 1, "content_type": 11, "object_id": "19", "object_repr": "Иван Петров - Москва", "action_flag": 3, "change_message": ""}}, {"model": "admin.logentry", "pk": 27, "fields": {"action_time": "2022-02-17T13:36:15.212Z", "user": 1, "content_type": 11, "object_id": "23", "object_repr": "Федя-кот Михалыч - Диван", "action_flag": 3, "change_message": ""}}, {"model": "admin.logentry", "pk": 28, "fields": {"action_time": "2022-02-17T13:36:15.288Z", "user": 1, "content_type": 11, "object_id": "22", "object_repr": "Иван Петров - Москва", "action_flag": 3, "change_message": ""}}, {"model": "admin.logentry", "pk": 29, "fields": {"action_time": "2022-02-17T13:45:11.388Z", "user": 1, "content_type": 11, "object_id": "24", "object_repr": "Тимур Иванов - Москва, Новый Арбат 10", "action_flag": 3, "change_message": ""}}, {"model": "admin.logentry", "pk": 30, "fields": {"action_time": "2022-02-17T14:22:55.461Z", "user": 1, "content_type": 11, "object_id": "26", "object_repr": "Тимур Иванов - Москва, Новый Арбат 10", "action_flag": 3, "change_message": ""}}, {"model": "admin.logentry", "pk": 31, "fields": {"action_time": "2022-02-18T13:31:31.313Z", "user": 1, "content_type": 11, "object_id": "27", "object_repr": "Иван Петров - Москва", "action_flag": 3, "change_message": ""}}, {"model": "admin.logentry", "pk": 32, "fields": {"action_time": "2022-02-18T13:31:31.425Z", "user": 1, "content_type": 11, "object_id": "25", "object_repr": "Иван Петров - Москва", "action_flag": 3, "change_message": ""}}, {"model": "admin.logentry", "pk": 33, "fields": {"action_time": "2022-02-18T13:31:31.492Z", "user": 1, "content_type": 11, "object_id": "18", "object_repr": "Иван Петров - Москва", "action_flag": 3, "change_message": ""}}, {"model": "admin.logentry", "pk": 34, "fields": {"action_time": "2022-02-18T13:45:58.400Z", "user": 1, "content_type": 11, "object_id": "33", "object_repr": "fdfdfdfd fdfdfdfdf - ssdsdsdsd", "action_flag": 3, "change_message": ""}}, {"model": "admin.logentry", "pk": 35, "fields": {"action_time": "2022-02-18T13:45:58.502Z", "user": 1, "content_type": 11, "object_id": "32", "object_repr": "ggfgfgfg gffgfgfgfgf - gfgfgfgfg", "action_flag": 3, "change_message": ""}}, {"model": "admin.logentry", "pk": 36, "fields": {"action_time": "2022-02-18T13:45:58.578Z", "user": 1, "content_type": 11, "object_id": "31", "object_repr": "Федя-кот Михалыч - Диван", "action_flag": 3, "change_message": ""}}, {"model": "admin.logentry", "pk": 37, "fields": {"action_time": "2022-02-18T13:45:58.669Z", "user": 1, "content_type": 11, "object_id": "30", "object_repr": "Федя-кот Михалыч - Диван", "action_flag": 3, "change_message": ""}}, {"model": "admin.logentry", "pk": 38, "fields": {"action_time": "2022-03-09T14:51:54.405Z", "user": 1, "content_type": 11, "object_id": "37", "object_repr": "Федя-кот Михалыч - Диван", "action_flag": 3, "change_message": ""}}, {"model": "admin.logentry", "pk": 39, "fields": {"action_time": "2022-03-09T14:52:15.133Z", "user": 1, "content_type": 11, "object_id": "36", "object_repr": "Федя-кот Михалыч - Диван", "action_flag": 3, "change_message": ""}}, {"model": "admin.logentry", "pk": 40, "fields": {"action_time": "2022-03-10T12:58:06.680Z", "user": 1, "content_type": 1, "object_id": "1", "object_repr": "Стейкхаус", "action_flag": 2, "change_message": "[{\"changed\": {\"fields\": [\"\\u0426\\u0435\\u043d\\u0430\"]}}]"}}, {"model": "admin.logentry", "pk": 41, "fields": {"action_time": "2022-03-10T13:27:56.826Z", "user": 1, "content_type": 11, "object_id": "29", "object_repr": "Федя-кот Михалыч - Диван", "action_flag": 2, "change_message": "[{\"added\": {\"name\": \"\\u042d\\u043b\\u0435\\u043c\\u0435\\u043d\\u0442\\u044b \\u0437\\u0430\\u043a\\u0430\\u0437\\u0430\", \"object\": \"\\u0418\\u0437 \\u0437\\u0430\\u043a\\u0430\\u0437\\u0430 29 - \\u0421\\u0442\\u0435\\u0439\\u043a\\u0445\\u0430\\u0443\\u0441 \"}}]"}}, {"model": "admin.logentry", "pk": 42, "fields": {"action_time": "2022-03-10T13:28:41.387Z", "user": 1, "content_type": 11, "object_id": "35", "object_repr": "Федя-кот Михалыч - Диван", "action_flag": 3, "change_message": ""}}, {"model": "admin.logentry", "pk": 43, "fields": {"action_time": "2022-03-10T13:31:45.562Z", "user": 1, "content_type": 11, "object_id": "13", "object_repr": "13-Вывывынь Вывывывув - 404", "action_flag": 2, "change_message": "[{\"changed\": {\"fields\": [\"\\u0418\\u043c\\u044f\", \"\\u0424\\u0430\\u043c\\u0438\\u043b\\u0438\\u044f\", \"\\u041d\\u043e\\u043c\\u0435\\u0440 \\u0442\\u0435\\u043b\\u0435\\u0444\\u043e\\u043d\\u0430\", \"\\u0410\\u0434\\u0440\\u0435\\u0441\\u0441\"]}}]"}}, {"model": "admin.logentry", "pk": 44, "fields": {"action_time": "2022-03-10T13:37:47.991Z", "user": 1, "content_type": 12, "object_id": "33", "object_repr": "Из заказа 38 - Тройной Воппер ", "action_flag": 2, "change_message": "[{\"changed\": {\"fields\": [\"\\u0426\\u0435\\u043d\\u0430\"]}}]"}}, {"model": "admin.logentry", "pk": 45, "fields": {"action_time": "2022-03-10T13:37:56.103Z", "user": 1, "content_type": 12, "object_id": "12", "object_repr": "Из заказа 13 - Тройной Воппер ", "action_flag": 2, "change_message": "[{\"changed\": {\"fields\": [\"\\u0426\\u0435\\u043d\\u0430\"]}}]"}}, {"model": "admin.logentry", "pk": 46, "fields": {"action_time": "2022-03-10T13:38:05.012Z", "user": 1, "content_type": 12, "object_id": "6", "object_repr": "Из заказа 11 - Тройной Воппер ", "action_flag": 2, "change_message": "[{\"changed\": {\"fields\": [\"\\u0426\\u0435\\u043d\\u0430\"]}}]"}}, {"model": "admin.logentry", "pk": 47, "fields": {"action_time": "2022-03-10T13:38:21.184Z", "user": 1, "content_type": 12, "object_id": "32", "object_repr": "Из заказа 38 - Лонг Чизбургер ", "action_flag": 2, "change_message": "[{\"changed\": {\"fields\": [\"\\u0426\\u0435\\u043d\\u0430\"]}}]"}}, {"model": "admin.logentry", "pk": 48, "fields": {"action_time": "2022-03-10T13:38:30.199Z", "user": 1, "content_type": 12, "object_id": "8", "object_repr": "Из заказа 12 - Лонг Чизбургер ", "action_flag": 2, "change_message": "[{\"changed\": {\"fields\": [\"\\u0426\\u0435\\u043d\\u0430\"]}}]"}}, {"model": "admin.logentry", "pk": 49, "fields": {"action_time": "2022-03-10T13:38:37.730Z", "user": 1, "content_type": 12, "object_id": "5", "object_repr": "Из заказа 11 - Лонг Чизбургер ", "action_flag": 2, "change_message": "[{\"changed\": {\"fields\": [\"\\u0426\\u0435\\u043d\\u0430\"]}}]"}}, {"model": "admin.logentry", "pk": 50, "fields": {"action_time": "2022-03-10T13:38:55.400Z", "user": 1, "content_type": 12, "object_id": "31", "object_repr": "Из заказа 38 - Стейкхаус ", "action_flag": 2, "change_message": "[{\"changed\": {\"fields\": [\"\\u0426\\u0435\\u043d\\u0430\"]}}]"}}, {"model": "admin.logentry", "pk": 51, "fields": {"action_time": "2022-03-10T13:39:06.115Z", "user": 1, "content_type": 12, "object_id": "7", "object_repr": "Из заказа 12 - Стейкхаус ", "action_flag": 2, "change_message": "[{\"changed\": {\"fields\": [\"\\u0426\\u0435\\u043d\\u0430\"]}}]"}}, {"model": "admin.logentry", "pk": 52, "fields": {"action_time": "2022-03-22T13:33:53.425Z", "user": 1, "content_type": 11, "object_id": "40", "object_repr": "40-1 1 - 1", "action_flag": 3, "change_message": ""}}, {"model": "admin.logentry", "pk": 53, "fields": {"action_time": "2022-03-22T13:33:53.510Z", "user": 1, "content_type": 11, "object_id": "39", "object_repr": "39-1 1 - 1", "action_flag": 3, "change_message": ""}}, {"model": "admin.logentry", "pk": 54, "fields": {"action_time": "2022-03-22T13:44:52.372Z", "user": 1, "content_type": 11, "object_id": "41", "object_repr": "41-1 1 - 1", "action_flag": 3, "change_message": ""}}, {"model": "admin.logentry", "pk": 55, "fields": {"action_time": "2022-03-23T08:37:46.054Z", "user": 1, "content_type": 11, "object_id": "13", "object_repr": "13-Выдрань Вывывывув - 404", "action_flag": 2, "change_message": "[{\"changed\": {\"fields\": [\"\\u0418\\u043c\\u044f\"]}}]"}}, {"model": "admin.logentry", "pk": 56, "fields": {"action_time": "2022-03-23T09:29:25.048Z", "user": 1, "content_type": 11, "object_id": "13", "object_repr": "13-Выдрань Выхухылина - 404", "action_flag": 2, "change_message": "[{\"changed\": {\"fields\": [\"\\u0424\\u0430\\u043c\\u0438\\u043b\\u0438\\u044f\"]}}]"}}, {"model": "admin.logentry", "pk": 57, "fields": {"action_time": "2022-03-23T09:30:51.125Z", "user": 1, "content_type": 11, "object_id": "13", "object_repr": "13-Выдрань Выхухылина - 404 Обана!", "action_flag": 2, "change_message": "[{\"changed\": {\"fields\": [\"\\u0410\\u0434\\u0440\\u0435\\u0441\\u0441\"]}}]"}}, {"model": "admin.logentry", "pk": 58, "fields": {"action_time": "2022-03-23T09:34:59.820Z", "user": 1, "content_type": 11, "object_id": "11", "object_repr": "11-Вова вовин - не дом", "action_flag": 2, "change_message": "[{\"changed\": {\"fields\": [\"\\u0418\\u043c\\u044f\", \"\\u041d\\u043e\\u043c\\u0435\\u0440 \\u0442\\u0435\\u043b\\u0435\\u0444\\u043e\\u043d\\u0430\"]}}]"}}, {"model": "admin.logentry", "pk": 59, "fields": {"action_time": "2022-03-23T11:33:31.292Z", "user": 1, "content_type": 11, "object_id": "38", "object_repr": "38-Федя-кот. Михалыч - Диван", "action_flag": 2, "change_message": "[{\"changed\": {\"fields\": [\"\\u0418\\u043c\\u044f\"]}}]"}}, {"model": "admin.logentry", "pk": 60, "fields": {"action_time": "2022-03-23T11:35:59.307Z", "user": 1, "content_type": 11, "object_id": "38", "object_repr": "38-Федя-кот Михалыч - Диван", "action_flag": 2, "change_message": "[{\"changed\": {\"fields\": [\"\\u0418\\u043c\\u044f\"]}}]"}}, {"model": "admin.logentry", "pk": 61, "fields": {"action_time": "2022-03-23T11:36:22.476Z", "user": 1, "content_type": 11, "object_id": "38", "object_repr": "38-Федя-кот Михалыч - Диван/", "action_flag": 2, "change_message": "[{\"changed\": {\"fields\": [\"\\u0410\\u0434\\u0440\\u0435\\u0441\\u0441\"]}}]"}}, {"model": "admin.logentry", "pk": 62, "fields": {"action_time": "2022-03-23T11:37:39.886Z", "user": 1, "content_type": 11, "object_id": "13", "object_repr": "13-Выдрань Выхухылина - 404 Обана", "action_flag": 2, "change_message": "[{\"changed\": {\"fields\": [\"\\u0410\\u0434\\u0440\\u0435\\u0441\\u0441\"]}}]"}}, {"model": "admin.logentry", "pk": 63, "fields": {"action_time": "2022-03-23T11:49:37.247Z", "user": 1, "content_type": 11, "object_id": "13", "object_repr": "13-Выдрань Выхухылина - 404 Обана!", "action_flag": 2, "change_message": "[{\"changed\": {\"fields\": [\"\\u0410\\u0434\\u0440\\u0435\\u0441\\u0441\"]}}]"}}, {"model": "admin.logentry", "pk": 64, "fields": {"action_time": "2022-03-23T12:25:52.892Z", "user": 1, "content_type": 11, "object_id": "13", "object_repr": "13-Выдрань Выхухылина - 404 Обана!", "action_flag": 2, "change_message": "[{\"changed\": {\"fields\": [\"Order status\"]}}]"}}, {"model": "admin.logentry", "pk": 65, "fields": {"action_time": "2022-03-23T12:34:43.433Z", "user": 1, "content_type": 11, "object_id": "11", "object_repr": "11-Вова вовин - не дом", "action_flag": 2, "change_message": "[{\"changed\": {\"fields\": [\"\\u041a\\u043e\\u043c\\u043c\\u0435\\u043d\\u0442\\u0430\\u0440\\u0438\\u0438\"]}}]"}}, {"model": "admin.logentry", "pk": 66, "fields": {"action_time": "2022-03-23T13:56:25.208Z", "user": 1, "content_type": 11, "object_id": "43", "object_repr": "43-Тыц тыц - дом", "action_flag": 1, "change_message": "[{\"added\": {}}, {\"added\": {\"name\": \"\\u042d\\u043b\\u0435\\u043c\\u0435\\u043d\\u0442\\u044b \\u0437\\u0430\\u043a\\u0430\\u0437\\u0430\", \"object\": \"\\u0418\\u0437 \\u0437\\u0430\\u043a\\u0430\\u0437\\u0430 43 - \\u0421\\u0442\\u0435\\u0439\\u043a\\u0445\\u0430\\u0443\\u0441 \"}}]"}}, {"model": "admin.logentry", "pk": 67, "fields": {"action_time": "2022-03-23T14:32:40.850Z", "user": 1, "content_type": 11, "object_id": "12", "object_repr": "12-Федя-кот Михалыч - Диван", "action_flag": 2, "change_message": "[{\"changed\": {\"fields\": [\"\\u041d\\u043e\\u043c\\u0435\\u0440 \\u0442\\u0435\\u043b\\u0435\\u0444\\u043e\\u043d\\u0430\", \"\\u0421\\u043f\\u043e\\u0441\\u043e\\u0431 \\u043e\\u043f\\u043b\\u0430\\u0442\\u044b\"]}}]"}}, {"model": "admin.logentry", "pk": 68, "fields": {"action_time": "2022-03-23T14:32:57.331Z", "user": 1, "content_type": 11, "object_id": "34", "object_repr": "34-Федя-кот Михалыч - Диван", "action_flag": 2, "change_message": "[{\"changed\": {\"fields\": [\"\\u0421\\u043f\\u043e\\u0441\\u043e\\u0431 \\u043e\\u043f\\u043b\\u0430\\u0442\\u044b\"]}}]"}}, {"model": "admin.logentry", "pk": 69, "fields": {"action_time": "2022-03-24T07:52:19.722Z", "user": 1, "content_type": 11, "object_id": "11", "object_repr": "11-Вова вовин - не дом", "action_flag": 2, "change_message": "[{\"changed\": {\"fields\": [\"\\u0421\\u0442\\u0430\\u0442\\u0443\\u0441 \\u0437\\u0430\\u043a\\u0430\\u0437\\u0430\", \"\\u041a\\u043e\\u0433\\u0434\\u0430 \\u0434\\u043e\\u0441\\u0442\\u0430\\u0432\\u0438\\u0442\\u044c\", \"\\u0421\\u043f\\u043e\\u0441\\u043e\\u0431 \\u043e\\u043f\\u043b\\u0430\\u0442\\u044b\", \"\\u0420\\u0435\\u0441\\u0442\\u043e\\u0440\\u0430\\u043d, \\u0432\\u044b\\u043f\\u043e\\u043b\\u043d\\u044f\\u044e\\u0449\\u0438\\u0439 \\u0437\\u0430\\u043a\\u0430\\u0437\"]}}]"}}, {"model": "admin.logentry", "pk": 70, "fields": {"action_time": "2022-03-24T07:53:13.906Z", "user": 1, "content_type": 11, "object_id": "28", "object_repr": "28-тундра ляляля - ракета", "action_flag": 2, "change_message": "[{\"changed\": {\"fields\": [\"\\u041a\\u043e\\u0433\\u0434\\u0430 \\u043f\\u043e\\u0437\\u0432\\u043e\\u043d\\u0438\\u0442\\u044c\", \"\\u0421\\u043f\\u043e\\u0441\\u043e\\u0431 \\u043e\\u043f\\u043b\\u0430\\u0442\\u044b\"]}}]"}}, {"model": "admin.logentry", "pk": 71, "fields": {"action_time": "2022-03-24T09:03:07.799Z", "user": 1, "content_type": 2, "object_id": "3", "object_repr": "Star Burger Европейский", "action_flag": 2, "change_message": "[{\"added\": {\"name\": \"\\u043f\\u0443\\u043d\\u043a\\u0442 \\u043c\\u0435\\u043d\\u044e \\u0440\\u0435\\u0441\\u0442\\u043e\\u0440\\u0430\\u043d\\u0430\", \"object\": \"Star Burger \\u0415\\u0432\\u0440\\u043e\\u043f\\u0435\\u0439\\u0441\\u043a\\u0438\\u0439 - \\u041b\\u043e\\u043d\\u0433 \\u0427\\u0438\\u0437\\u0431\\u0443\\u0440\\u0433\\u0435\\u0440\"}}]"}}, {"model": "admin.logentry", "pk": 72, "fields": {"action_time": "2022-03-24T09:03:19.531Z", "user": 1, "content_type": 2, "object_id": "2", "object_repr": "Star Burger Цветной", "action_flag": 2, "change_message": "[{\"added\": {\"name\": \"\\u043f\\u0443\\u043d\\u043a\\u0442 \\u043c\\u0435\\u043d\\u044e \\u0440\\u0435\\u0441\\u0442\\u043e\\u0440\\u0430\\u043d\\u0430\", \"object\": \"Star Burger \\u0426\\u0432\\u0435\\u0442\\u043d\\u043e\\u0439 - \\u0422\\u0440\\u043e\\u0439\\u043d\\u043e\\u0439 \\u0412\\u043e\\u043f\\u043f\\u0435\\u0440\"}}]"}}, {"model": "admin.logentry", "pk": 73, "fields": {"action_time": "2022-03-24T09:03:36.213Z", "user": 1, "content_type": 2, "object_id": "1", "object_repr": "Star Burger Арбат", "action_flag": 2, "change_message": "[{\"added\": {\"name\": \"\\u043f\\u0443\\u043d\\u043a\\u0442 \\u043c\\u0435\\u043d\\u044e \\u0440\\u0435\\u0441\\u0442\\u043e\\u0440\\u0430\\u043d\\u0430\", \"object\": \"Star Burger \\u0410\\u0440\\u0431\\u0430\\u0442 - \\u041b\\u043e\\u043d\\u0433 \\u0427\\u0438\\u0437\\u0431\\u0443\\u0440\\u0433\\u0435\\u0440\"}}, {\"added\": {\"name\": \"\\u043f\\u0443\\u043d\\u043a\\u0442 \\u043c\\u0435\\u043d\\u044e \\u0440\\u0435\\u0441\\u0442\\u043e\\u0440\\u0430\\u043d\\u0430\", \"object\": \"Star Burger \\u0410\\u0440\\u0431\\u0430\\u0442 - \\u0422\\u0440\\u043e\\u0439\\u043d\\u043e\\u0439 \\u0412\\u043e\\u043f\\u043f\\u0435\\u0440\"}}]"}}, {"model": "admin.logentry", "pk": 74, "fields": {"action_time": "2022-03-24T12:57:07.433Z", "user": 1, "content_type": 11, "object_id": "44", "object_repr": "44-1 1 - 1", "action_flag": 3, "change_message": ""}}, {"model": "admin.logentry", "pk": 75, "fields": {"action_time": "2022-03-24T12:59:24.581Z", "user": 1, "content_type": 11, "object_id": "45", "object_repr": "45-1 1 - 1", "action_flag": 3, "change_message": ""}}, {"model": "admin.logentry", "pk": 76, "fields": {"action_time": "2022-03-24T12:59:24.659Z", "user": 1, "content_type": 11, "object_id": "43", "object_repr": "43-Тыц тыц - дом", "action_flag": 3, "change_message": ""}}, {"model": "admin.logentry", "pk": 77, "fields": {"action_time": "2022-03-24T13:00:25.457Z", "user": 1, "content_type": 2, "object_id": "2", "object_repr": "Star Burger Цветной", "action_flag": 2, "change_message": "[{\"changed\": {\"name\": \"\\u043f\\u0443\\u043d\\u043a\\u0442 \\u043c\\u0435\\u043d\\u044e \\u0440\\u0435\\u0441\\u0442\\u043e\\u0440\\u0430\\u043d\\u0430\", \"object\": \"Star Burger \\u0426\\u0432\\u0435\\u0442\\u043d\\u043e\\u0439 - \\u0421\\u0442\\u0435\\u0439\\u043a\\u0445\\u0430\\u0443\\u0441\", \"fields\": [\"\\u041f\\u0440\\u043e\\u0434\\u0443\\u043a\\u0442\"]}}]"}}, {"model": "admin.logentry", "pk": 78, "fields": {"action_time": "2022-03-24T14:15:17.005Z", "user": 1, "content_type": 11, "object_id": "47", "object_repr": "47-1 1 - 1", "action_flag": 3, "change_message": ""}}, {"model": "admin.logentry", "pk": 79, "fields": {"action_time": "2022-03-24T14:15:17.098Z", "user": 1, "content_type": 11, "object_id": "46", "object_repr": "46-1 1 - 1", "action_flag": 3, "change_message": ""}}, {"model": "admin.logentry", "pk": 80, "fields": {"action_time": "2022-03-24T14:19:29.557Z", "user": 1, "content_type": 11, "object_id": "48", "object_repr": "48-1 1 - 1", "action_flag": 3, "change_message": ""}}, {"model": "admin.logentry", "pk": 81, "fields": {"action_time": "2022-03-25T10:35:25.873Z", "user": 1, "content_type": 11, "object_id": "50", "object_repr": "50-1 1 - 1", "action_flag": 3, "change_message": ""}}, {"model": "admin.logentry", "pk": 82, "fields": {"action_time": "2022-03-25T10:35:25.961Z", "user": 1, "content_type": 11, "object_id": "49", "object_repr": "49-1 1 - 1", "action_flag": 3, "change_message": ""}}, {"model": "admin.logentry", "pk": 83, "fields": {"action_time": "2022-03-25T11:52:32.885Z", "user": 1, "content_type": 11, "object_id": "51", "object_repr": "51-1 1 - 1", "action_flag": 3, "change_message": ""}}, {"model": "admin.logentry", "pk": 84, "fields": {"action_time": "2022-03-25T12:02:37.110Z", "user": 1, "content_type": 11, "object_id": "52", "object_repr": "52-Чебурашка 1 - Орск", "action_flag": 2, "change_message": "[{\"changed\": {\"fields\": [\"\\u0418\\u043c\\u044f\", \"\\u0410\\u0434\\u0440\\u0435\\u0441\\u0441\"]}}]"}}, {"model": "admin.logentry", "pk": 85, "fields": {"action_time": "2022-03-25T12:16:39.000Z", "user": 1, "content_type": 11, "object_id": "52", "object_repr": "52-Чебурашка Чебургенов - Орск", "action_flag": 2, "change_message": "[{\"changed\": {\"fields\": [\"\\u0424\\u0430\\u043c\\u0438\\u043b\\u0438\\u044f\", \"\\u0421\\u043f\\u043e\\u0441\\u043e\\u0431 \\u043e\\u043f\\u043b\\u0430\\u0442\\u044b\"]}}]"}}, {"model": "admin.logentry", "pk": 86, "fields": {"action_time": "2022-03-25T13:42:42.895Z", "user": 1, "content_type": 13, "object_id": "1", "object_repr": "lon37.566072, lat55.744637", "action_flag": 1, "change_message": "[{\"added\": {}}]"}}, {"model": "admin.logentry", "pk": 87, "fields": {"action_time": "2022-03-25T13:44:34.931Z", "user": 1, "content_type": 13, "object_id": "1", "object_repr": "lon37.566072, lat55.744637", "action_flag": 2, "change_message": "[{\"changed\": {\"fields\": [\"Address\"]}}]"}}, {"model": "admin.logentry", "pk": 88, "fields": {"action_time": "2022-03-25T13:46:23.980Z", "user": 1, "content_type": 13, "object_id": "2", "object_repr": "Москва, Цветной бульвар, 11с2 lon37.620429, lat55.770076", "action_flag": 1, "change_message": "[{\"added\": {}}]"}}, {"model": "admin.logentry", "pk": 89, "fields": {"action_time": "2022-03-25T13:47:25.373Z", "user": 1, "content_type": 13, "object_id": "3", "object_repr": "Москва, ул. Новый Арбат, 15 lon37.59242, lat55.752141", "action_flag": 1, "change_message": "[{\"added\": {}}]"}}, {"model": "admin.logentry", "pk": 90, "fields": {"action_time": "2022-03-25T13:47:41.252Z", "user": 1, "content_type": 2, "object_id": "3", "object_repr": "Star Burger Европейский", "action_flag": 2, "change_message": "[{\"changed\": {\"fields\": [\"\\u041a\\u043e\\u043e\\u0440\\u0434\\u0438\\u043d\\u0430\\u0442\\u044b\"]}}]"}}, {"model": "admin.logentry", "pk": 91, "fields": {"action_time": "2022-03-25T13:47:49.381Z", "user": 1, "content_type": 2, "object_id": "2", "object_repr": "Star Burger Цветной", "action_flag": 2, "change_message": "[{\"changed\": {\"fields\": [\"\\u041a\\u043e\\u043e\\u0440\\u0434\\u0438\\u043d\\u0430\\u0442\\u044b\"]}}]"}}, {"model": "admin.logentry", "pk": 92, "fields": {"action_time": "2022-03-25T13:48:01.177Z", "user": 1, "content_type": 2, "object_id": "1", "object_repr": "Star Burger Арбат", "action_flag": 2, "change_message": "[{\"changed\": {\"fields\": [\"\\u041a\\u043e\\u043e\\u0440\\u0434\\u0438\\u043d\\u0430\\u0442\\u044b\"]}}]"}}, {"model": "admin.logentry", "pk": 93, "fields": {"action_time": "2022-03-25T13:52:24.770Z", "user": 1, "content_type": 11, "object_id": "52", "object_repr": "52-Чебурашка Чебургенов - Санкт-Петербург киевская улица 27", "action_flag": 2, "change_message": "[{\"changed\": {\"fields\": [\"\\u0410\\u0434\\u0440\\u0435\\u0441\\u0441\"]}}]"}}, {"model": "admin.logentry", "pk": 94, "fields": {"action_time": "2022-04-04T14:34:32.791Z", "user": 1, "content_type": 11, "object_id": "38", "object_repr": "38-Федя-кот Михалыч - Диван/", "action_flag": 3, "change_message": ""}}, {"model": "admin.logentry", "pk": 95, "fields": {"action_time": "2022-04-04T14:34:32.867Z", "user": 1, "content_type": 11, "object_id": "34", "object_repr": "34-Федя-кот Михалыч - Диван", "action_flag": 3, "change_message": ""}}, {"model": "admin.logentry", "pk": 96, "fields": {"action_time": "2022-04-04T14:34:32.933Z", "user": 1, "content_type": 11, "object_id": "29", "object_repr": "29-Федя-кот Михалыч - Диван", "action_flag": 3, "change_message": ""}}, {"model": "admin.logentry", "pk": 97, "fields": {"action_time": "2022-04-04T14:34:33.049Z", "user": 1, "content_type": 11, "object_id": "28", "object_repr": "28-тундра ляляля - ракета", "action_flag": 3, "change_message": ""}}, {"model": "admin.logentry", "pk": 98, "fields": {"action_time": "2022-04-04T14:36:33.219Z", "user": 1, "content_type": 11, "object_id": "11", "object_repr": "11-Вова Вовин - Красная площадь", "action_flag": 2, "change_message": "[{\"changed\": {\"fields\": [\"\\u0424\\u0430\\u043c\\u0438\\u043b\\u0438\\u044f\", \"\\u0410\\u0434\\u0440\\u0435\\u0441\\u0441\", \"\\u0420\\u0435\\u043a\\u043e\\u043c\\u0435\\u043d\\u0434\\u043e\\u0432\\u0430\\u043d\\u044b\\u0435 \\u0440\\u0435\\u0441\\u0442\\u043e\\u0440\\u0430\\u043d\\u044b\"]}}]"}}, {"model": "admin.logentry", "pk": 99, "fields": {"action_time": "2022-04-04T14:36:58.241Z", "user": 1, "content_type": 11, "object_id": "53", "object_repr": "53-Дон батон Шаколадович - киевская улица, дом 28", "action_flag": 2, "change_message": "[{\"changed\": {\"fields\": [\"\\u0421\\u0442\\u0430\\u0442\\u0443\\u0441 \\u0437\\u0430\\u043a\\u0430\\u0437\\u0430\"]}}]"}}, {"model": "admin.logentry", "pk": 100, "fields": {"action_time": "2022-04-04T14:37:26.057Z", "user": 1, "content_type": 11, "object_id": "42", "object_repr": "42-Дадуда Дадудов - Это СанФоанциско", "action_flag": 2, "change_message": "[{\"changed\": {\"fields\": [\"\\u0421\\u0442\\u0430\\u0442\\u0443\\u0441 \\u0437\\u0430\\u043a\\u0430\\u0437\\u0430\", \"\\u0421\\u043f\\u043e\\u0441\\u043e\\u0431 \\u043e\\u043f\\u043b\\u0430\\u0442\\u044b\", \"\\u0420\\u0435\\u043a\\u043e\\u043c\\u0435\\u043d\\u0434\\u043e\\u0432\\u0430\\u043d\\u044b\\u0435 \\u0440\\u0435\\u0441\\u0442\\u043e\\u0440\\u0430\\u043d\\u044b\"]}}]"}}, {"model": "admin.logentry", "pk": 101, "fields": {"action_time": "2022-04-04T14:37:37.215Z", "user": 1, "content_type": 11, "object_id": "42", "object_repr": "42-Дадуда Дадудов - СанФоанциско", "action_flag": 2, "change_message": "[{\"changed\": {\"fields\": [\"\\u0410\\u0434\\u0440\\u0435\\u0441\\u0441\"]}}]"}}, {"model": "admin.logentry", "pk": 102, "fields": {"action_time": "2022-04-04T14:38:17.439Z", "user": 1, "content_type": 11, "object_id": "13", "object_repr": "13-Выдрань Выхухылина - улица красного октября", "action_flag": 2, "change_message": "[{\"changed\": {\"fields\": [\"\\u0410\\u0434\\u0440\\u0435\\u0441\\u0441\", \"\\u0421\\u043f\\u043e\\u0441\\u043e\\u0431 \\u043e\\u043f\\u043b\\u0430\\u0442\\u044b\", \"\\u0420\\u0435\\u043a\\u043e\\u043c\\u0435\\u043d\\u0434\\u043e\\u0432\\u0430\\u043d\\u044b\\u0435 \\u0440\\u0435\\u0441\\u0442\\u043e\\u0440\\u0430\\u043d\\u044b\"]}}]"}}, {"model": "admin.logentry", "pk": 103, "fields": {"action_time": "2022-04-05T13:00:01.162Z", "user": 1, "content_type": 11, "object_id": "12", "object_repr": "12-Федя-кот Михалыч - Диван", "action_flag": 2, "change_message": "[{\"changed\": {\"fields\": [\"\\u0420\\u0435\\u043a\\u043e\\u043c\\u0435\\u043d\\u0434\\u043e\\u0432\\u0430\\u043d\\u044b\\u0435 \\u0440\\u0435\\u0441\\u0442\\u043e\\u0440\\u0430\\u043d\\u044b\"]}}]"}}, {"model": "admin.logentry", "pk": 104, "fields": {"action_time": "2022-04-14T13:09:04.790Z", "user": 1, "content_type": 11, "object_id": "11", "object_repr": "11-Вова Вовин - Красная площадь", "action_flag": 2, "change_message": "[{\"changed\": {\"fields\": [\"\\u041a\\u043e\\u0433\\u0434\\u0430 \\u043f\\u043e\\u0437\\u0432\\u043e\\u043d\\u0438\\u0442\\u044c\"]}}]"}}, {"model": "admin.logentry", "pk": 105, "fields": {"action_time": "2022-04-14T13:09:09.352Z", "user": 1, "content_type": 11, "object_id": "11", "object_repr": "11-Вова Вовин - Красная площадь", "action_flag": 2, "change_message": "[]"}}, {"model": "admin.logentry", "pk": 106, "fields": {"action_time": "2022-04-27T12:51:18.970Z", "user": 1, "content_type": 11, "object_id": "56", "object_repr": "56-dfdfdfdfdffd tatatatatatata - Херсон", "action_flag": 3, "change_message": ""}}, {"model": "admin.logentry", "pk": 107, "fields": {"action_time": "2022-04-27T12:51:19.073Z", "user": 1, "content_type": 11, "object_id": "55", "object_repr": "55-fdsfdfsdsfds fsfdfsfsfsdfsd - сенная площадь", "action_flag": 3, "change_message": ""}}, {"model": "admin.logentry", "pk": 108, "fields": {"action_time": "2022-04-27T13:17:56.371Z", "user": 1, "content_type": 11, "object_id": "59", "object_repr": "59-plomhvh 68t9ugikxfthg - тычкова 7", "action_flag": 3, "change_message": ""}}, {"model": "admin.logentry", "pk": 109, "fields": {"action_time": "2022-04-27T13:17:56.449Z", "user": 1, "content_type": 11, "object_id": "58", "object_repr": "58-wertyu asdfgjlkll - гоголя 5", "action_flag": 3, "change_message": ""}}, {"model": "admin.logentry", "pk": 110, "fields": {"action_time": "2022-04-27T13:17:56.547Z", "user": 1, "content_type": 11, "object_id": "57", "object_repr": "57-lflflf gdgdgd - черкесова", "action_flag": 3, "change_message": ""}}, {"model": "auth.user", "pk": 1, "fields": {"password": "pbkdf2_sha256$260000$HAMusAsOElevsgrgJPjxqq$py2wzq6fwx9cI197ZDBpVNnB5ive58lSer55wmsCxWs=", "last_login": "2022-05-12T06:13:29.549Z", "is_superuser": true, "username": "admin", "first_name": "", "last_name": "", "email": "elorian@mail.ru", "is_staff": true, "is_active": true, "date_joined": "2022-02-15T13:58:06.142Z", "groups": [], "user_permissions": []}}, {"model": "sessions.session", "pk": "21lqcgzhpyqt2t7vl4cgz9b2sm3cyzog", "fields": {"session_data": ".eJxVjLsOAiEQAP-F2pAFecXS3m8gC-zKqYHkuKuM_25IrtB2ZjJvEXHfatwHrXEp4iKUOP2yhPlJbYrywHbvMve2rUuSM5GHHfLWC72uR_s3qDjq3IJl5wuQC0mdjUabNGuLnNkS5OLZOOMTWNAAQStfmAP57BOSBufE5wvbhTfC:1njh8L:4i4dD2g55PkpVhNXJBZnwHRGGsHP2MYZ4UdFHNQGSQc", "expire_date": "2022-05-11T12:51:05.715Z"}}, {"model": "sessions.session", "pk": "em4mhoxdl9u1a8ss82oclxary9lywj0w", "fields": {"session_data": ".eJxVjLsOAiEQAP-F2pAFecXS3m8gC-zKqYHkuKuM_25IrtB2ZjJvEXHfatwHrXEp4iKUOP2yhPlJbYrywHbvMve2rUuSM5GHHfLWC72uR_s3qDjq3IJl5wuQC0mdjUabNGuLnNkS5OLZOOMTWNAAQStfmAP57BOSBufE5wvbhTfC:1nhXqt:Ur_8X2geb_jF7RetHA5dH9vonJWKhD1QtR2PRSmdtiw", "expire_date": "2022-05-05T14:32:11.386Z"}}, {"model": "sessions.session", "pk": "hi37umsofb41klx8v3xxm74o1x3kn185", "fields": {"session_data": ".eJxVjLsOAiEQAP-F2pAFecXS3m8gC-zKqYHkuKuM_25IrtB2ZjJvEXHfatwHrXEp4iKUOP2yhPlJbYrywHbvMve2rUuSM5GHHfLWC72uR_s3qDjq3IJl5wuQC0mdjUabNGuLnNkS5OLZOOMTWNAAQStfmAP57BOSBufE5wvbhTfC:1nKbgd:2GzWsGSyT-sCQz2E6RcaVcRHhW17TfnD6fsw2rO4o_k", "expire_date": "2022-03-03T07:58:47.283Z"}}, {"model": "sessions.session", "pk": "i3q3mvxsv60z54jakigkk1m8h2ti4g6w", "fields": {"session_data": ".eJxVjLsOAiEQAP-F2pAFecXS3m8gC-zKqYHkuKuM_25IrtB2ZjJvEXHfatwHrXEp4iKUOP2yhPlJbYrywHbvMve2rUuSM5GHHfLWC72uR_s3qDjq3IJl5wuQC0mdjUabNGuLnNkS5OLZOOMTWNAAQStfmAP57BOSBufE5wvbhTfC:1nbNhx:CWt_ViwWoV9gG9R73xKIPmQJ0EyFaDNYZ4--hf5ibEg", "expire_date": "2022-04-18T14:29:29.025Z"}}, {"model": "sessions.session", "pk": "kcdimtysobx3as40xr21ekllhrbza31s", "fields": {"session_data": ".eJxVjLsOAiEQAP-F2pAFecXS3m8gC-zKqYHkuKuM_25IrtB2ZjJvEXHfatwHrXEp4iKUOP2yhPlJbYrywHbvMve2rUuSM5GHHfLWC72uR_s3qDjq3IJl5wuQC0mdjUabNGuLnNkS5OLZOOMTWNAAQStfmAP57BOSBufE5wvbhTfC:1nWedU:GQ8uCbxM-X5FGISz_MSoQCEL5irTY5fpEW-fyh_NC5U", "expire_date": "2022-04-05T13:33:20.669Z"}}, {"model": "sessions.session", "pk": "p8hj1fbvrnbu1ohvkva79cahrx04cmqb", "fields": {"session_data": ".eJxVjLsOAiEQAP-F2pAFecXS3m8gC-zKqYHkuKuM_25IrtB2ZjJvEXHfatwHrXEp4iKUOP2yhPlJbYrywHbvMve2rUuSM5GHHfLWC72uR_s3qDjq3IJl5wuQC0mdjUabNGuLnNkS5OLZOOMTWNAAQStfmAP57BOSBufE5wvbhTfC:1njLCA:YxN-dMoJeRD5rz_40Ef015KNvnSmX8o7wLecv4Sg1Zk", "expire_date": "2022-05-10T13:25:34.530Z"}}, {"model": "sessions.session", "pk": "qrgv17urn4czsh2852tr0ne7bdgym87w", "fields": {"session_data": ".eJxVjLsOAiEQAP-F2pAFecXS3m8gC-zKqYHkuKuM_25IrtB2ZjJvEXHfatwHrXEp4iKUOP2yhPlJbYrywHbvMve2rUuSM5GHHfLWC72uR_s3qDjq3IJl5wuQC0mdjUabNGuLnNkS5OLZOOMTWNAAQStfmAP57BOSBufE5wvbhTfC:1nRuR2:JOoIRvbICl0ICABZoIRn9JJ5PVc37wGsZKtHdC9MEFs", "expire_date": "2022-03-23T11:24:52.960Z"}}, {"model": "sessions.session", "pk": "qzizgrw26nb8413b7ico0fe5pjdvd9jw", "fields": {"session_data": ".eJxVjLsOAiEQAP-F2pAFecXS3m8gC-zKqYHkuKuM_25IrtB2ZjJvEXHfatwHrXEp4iKUOP2yhPlJbYrywHbvMve2rUuSM5GHHfLWC72uR_s3qDjq3IJl5wuQC0mdjUabNGuLnNkS5OLZOOMTWNAAQStfmAP57BOSBufE5wvbhTfC:1np24n:UepziR7ew94DyUA1zQq9vwi9-v7k_qkQRTpwB9XsgqM", "expire_date": "2022-05-26T06:13:29.713Z"}}]